INSERT INTO `store` (`store_id`, `store_name`, `store_street`, `store_barangay`, `store_city`, `store_contactnumber`, `store_latitude`, `store_longitude`, `store_rating`, `store_image_url`, `store_banner_url`, `store_opening_days`, `store_opening_time`, `store_closing_time`) VALUES
(1, 'All-Rounder Electronics', '123 Main St', 'Iligan City', 'Poblacion', 9171234567, 8.2287159078442, 124.23764640798626, 5, 'https://placehold.co/300x300/333/EEE?text=All-Rounder', 'https://placehold.co/800x200/333/EEE?text=All-Rounder+Electronics', 'Monday - Saturday', '09:00:00', '18:00:00'),
(2, 'IC & ''Conductor Hub', '456 Component Ave', 'Iligan City', 'Tubod', 9181234567, 8.218203873511587, 124.24028073750061, 4, 'https://placehold.co/300x300/333/EEE?text=IC+Hub', 'https://placehold.co/800x200/333/EEE?text=IC+Hub', 'Monday - Saturday', '09:00:00', '18:00:00'),
(3, 'Maker''s Workbench', '789 DIY Rd', 'Iligan City', 'Pala-o', 9271234567, 8.226645518059167, 124.2555713497005, 5, 'https://placehold.co/300x300/333/EEE?text=Maker''s', 'https://placehold.co/800x200/333/EEE?text=Maker''s+Workbench', 'Monday - Saturday', '09:00:00', '18:00:00'),
(4, 'Power & Connect', '101 Wire Way', 'Iligan City', 'Tibanga', 9281234567, 8.23387356801327, 124.24192844697612, 4, 'https://placehold.co/300x300/333/EEE?text=Power', 'https://placehold.co/800x200/333/EEE?text=Power+%26+Connect', 'Monday - Saturday', '09:00:00', '18:00:00'),
(5, 'Specialty Parts & Tools', '202 Obscure Ln', 'Iligan City', 'Suarez', 9201234567, 8.193337005372555, 124.2152466107386, 3, 'https://placehold.co/300x300/333/EEE?text=Specialty', 'https://placehold.co/800x200/333/EEE?text=Specialty+Parts', 'Monday - Saturday', '09:00:00', '18:00:00');

INSERT INTO `category` (`category_id`, `category_name`) VALUES
(1, 'Integrated Circuits'),
(2, 'Discrete Semiconductors'),
(3, 'Passive Components'),
(4, 'Electromechanical'),
(5, 'Connectors'),
(6, 'Test Equipment'),
(7, 'Tools and Supplies'),
(8, 'Sensors'),
(9, 'Optoelectronics'),
(10, 'Circuit Protection'),
(11, 'Power Products'),
(12, 'Cables and Wire'),
(13, 'Machining'),
(14, 'Industrial Control');

INSERT INTO `products` (`product_id`, `product_name`, `product_desc1`, `product_desc2`, `product_desc3`, `category_id`, `product_image_url`, `product_embedding`) VALUES
(1, 'LM741 Op-Amp', 'A general-purpose operational amplifier.', 'An 8-pin IC that amplifies voltage.', 'The classic, industry-standard op-amp.', 1, 'https://placehold.co/300x300/EEE/333?text=LM741', NULL),
(2, 'NE555 Timer', 'A versatile timer IC.', 'An 8-pin IC for timing and oscillations.', 'Used in countless circuits for pulses, timers, and oscillators.', 1, 'https://placehold.co/300x300/EEE/333?text=NE555', NULL),
(3, '1N4001 Diode', 'A standard rectifier diode.', 'A 1A, 50V diode.', 'Blocks current in one direction, commonly used in power supplies.', 2, 'https://placehold.co/300x300/EEE/333?text=1N4001', NULL),
(4, 'BC547 NPN Transistor', 'A common NPN BJT transistor.', 'A small signal transistor.', 'Used for switching or amplifying small signals.', 2, 'https://placehold.co/300x300/EEE/333?text=BC547', NULL),
(5, 'IRF540N MOSFET', 'A power N-Channel MOSFET.', 'A transistor for high-power switching.', 'Used to control high-current loads like motors or LED strips.', 2, 'https://placehold.co/300x300/EEE/333?text=IRF540N', NULL),
(6, '1k Ohm Resistor', 'A 1/4W 1k ohm resistor.', 'A standard resistor.', 'Used to limit current, as in for an LED.', 3, 'https://placehold.co/300x300/EEE/333?text=1kOhm', NULL),
(7, '10k Ohm Resistor', 'A 1/4W 10k ohm resistor.', 'A standard resistor.', 'A common value for pull-up or pull-down resistors.', 3, 'https://placehold.co/300x300/EEE/333?text=10kOhm', NULL),
(8, '100nF Ceramic Capacitor', 'A 0.1uF ceramic capacitor.', 'A small, non-polarized capacitor.', 'Used for decoupling ICs to filter power noise.', 3, 'https://placehold.co/300x300/EEE/333?text=100nF', NULL),
(9, '10uF Electrolytic Capacitor', 'A 10uF polarized capacitor.', 'A small electrolytic capacitor.', 'Used for filtering power or in timing circuits.', 3, 'https://placehold.co/300x300/EEE/333?text=10uF', NULL),
(10, '100uH Inductor', 'A 100 micro-Henry inductor.', 'A wire coil component.', 'Used in power supplies (like buck/boost converters) to store energy.', 3, 'https://placehold.co/300x300/EEE/333?text=100uH', NULL),
(11, '5V Sugar Cube Relay', 'A small 5V relay.', 'An electromagnetic switch.', 'Lets a low-power circuit (like Arduino) switch a high-power AC/DC load.', 4, 'https://placehold.co/300x300/EEE/333?text=5V+Relay', NULL),
(12, '12V DC Motor', 'A standard 12V hobby motor.', 'A small electric motor.', 'Converts electrical energy to rotational motion.', 4, 'https://placehold.co/300x300/EEE/333?text=12V+Motor', NULL),
(13, '2.54mm Pin Headers', 'A strip of 40 male pins.', 'Standard 0.1 inch spacing headers.', 'Used for connecting prototype boards, Arduinos, and shields.', 5, 'https://placehold.co/300x300/EEE/333?text=Pin+Headers', NULL),
(14, 'DC Barrel Jack (Panel Mount)', 'A 5.5x2.1mm DC power socket.', 'A connector for DC power.', 'Allows a standard wall-wart power adapter to plug into a project.', 5, 'https://placehold.co/300x300/EEE/333?text=DC+Jack', NULL),
(15, 'DT830B Digital Multimeter', 'A basic digital multimeter.', 'A tool for measuring voltage, current, and resistance.', 'The most essential tool for testing circuits.', 6, 'https://placehold.co/300x300/EEE/333?text=Multimeter', NULL),
(16, 'Jumper Wires (M-M)', 'A 40-pack of male-to-male jumper wires.', 'Wires for breadboarding.', 'Used to connect components on a breadboard.', 6, 'https://placehold.co/300x300/EEE/333?text=M-M+Jumpers', NULL),
(17, 'MB-102 Breadboard', 'A standard 830-point solderless breadboard.', 'A prototyping board.', 'Allows you to build and test circuits without soldering.', 7, 'https://placehold.co/300x300/EEE/333?text=Breadboard', NULL),
(18, '30W Soldering Iron', 'A basic 30-watt soldering iron.', 'A tool for melting solder.', 'Used to create permanent electrical connections.', 7, 'https://placehold.co/300x300/EEE/333?text=Soldering+Iron', NULL),
(19, 'Solder Lead (60/40)', 'A 10g tube of 60/40 rosin core solder.', 'The "glue" for electronics.', 'A metal alloy that is melted to join components to a PCB.', 7, 'https://placehold.co/300x300/EEE/333?text=Solder', NULL),
(20, 'LDR 5mm', 'A 5mm Light Dependent Resistor.', 'A resistor that changes with light.', 'Used to detect ambient light levels.', 8, 'https://placehold.co/300x300/EEE/333?text=LDR', NULL),
(21, 'DHT11 Sensor', 'A basic temperature and humidity sensor.', 'A 3-pin digital sensor.', 'A simple way to measure ambient temperature and humidity.', 8, 'https://placehold.co/300x300/EEE/333?text=DHT11', NULL),
(22, 'HC-SR04 Ultrasonic Sensor', 'An ultrasonic distance sensor.', 'A 4-pin sensor that uses sound waves.', 'Used to measure distance to an object (like a robot''''s "eyes").', 8, 'https://placehold.co/300x300/EEE/333?text=HC-SR04', NULL),
(23, '5mm Red LED', 'A basic 5mm red LED.', 'A light-emitting diode.', 'A common indicator light.', 9, 'https://placehold.co/300x300/EEE/333?text=Red+LED', NULL),
(24, '5mm Green LED', 'A basic 5mm green LED.', 'A light-emitting diode.', 'A common indicator light.', 9, 'https://placehold.co/300x300/EEE/333?text=Green+LED', NULL),
(25, '5mm Blue LED', 'A basic 5mm blue LED.', 'A light-emitting diode.', 'A common indicator light.', 9, 'https://placehold.co/300x300/EEE/333?text=Blue+LED', NULL),
(26, '5A Fast-Blow Fuse (5x20mm)', 'A 5-amp glass fuse.', 'A circuit protection device.', 'A sacrificial wire that blows to protect a circuit from overcurrent.', 10, 'https://placehold.co/300x300/EEE/333?text=5A+Fuse', NULL),
(27, '1N5408 Rectifier Diode', 'A 3A, 1000V rectifier diode.', 'A heavy-duty diode.', 'Used for high-current power supplies and reverse-polarity protection.', 2, 'https://placehold.co/300x300/EEE/333?text=1N5408', NULL),
(28, 'LM7805 5V Regulator', 'A 5V positive voltage regulator.', 'A 3-pin IC in a TO-220 package.', 'Takes a higher input voltage (7-35V) and outputs a steady 5V.', 11, 'https://placehold.co/300x300/EEE/333?text=LM7805', NULL),
(29, '9V Battery Snap', 'A connector for a 9V battery.', 'A 9V battery clip.', 'Connects a 9V battery to your circuit, often via a barrel jack.', 11, 'https://placehold.co/300x300/EEE/333?text=9V+Snap', NULL),
(30, '22 AWG Solid Core Wire (Red)', '1 meter of 22 AWG solid red wire.', 'Hook-up wire.', 'Used for making connections on breadboards or perfboards.', 12, 'https://placehold.co/300x300/EEE/333?text=Red+Wire', NULL),
(31, '22 AWG Solid Core Wire (Black)', '1 meter of 22 AWG solid black wire.', 'Hook-up wire.', 'Used for making connections on breadboards or perfboards.', 12, 'https://placehold.co/300x300/EEE/333?text=Black+Wire', NULL),
(32, 'M3x10mm Screw (10-pack)', 'A 10-pack of M3 machine screws.', 'Metric 3mm screws.', 'Standard screws for mounting components and PCBs.', 13, 'https://placehold.co/300x300/EEE/333?text=M3+Screw', NULL),
(33, 'M3 Hex Nut (10-pack)', 'A 10-pack of M3 hex nuts.', 'Metric 3mm nuts.', 'Standard nuts for M3 screws.', 13, 'https://placehold.co/300x300/EEE/333?text=M3+Nut', NULL),
(34, 'E-Stop Push Button', 'A large red emergency stop button.', 'A panel-mount e-stop switch.', 'A large, latching switch to cut power in an emergency.', 14, 'https://placehold.co/300x300/EEE/333?text=E-Stop', NULL),
(35, 'Arduino UNO R3', 'The most popular Arduino board.', 'A microcontroller board based on the ATmega328P.', 'Perfect for beginners starting with electronics.', 1, 'https://placehold.co/300x300/EEE/333?text=UNO+R3', NULL),
(36, 'Raspberry Pi 4 Model B (4GB)', 'A credit-card sized computer.', 'A single-board computer (SBC) with a quad-core ARM CPU.', 'Runs a full Linux OS, used for complex projects, servers, and media centers.', 1, 'https://placehold.co/300x300/EEE/333?text=RPi+4', NULL),
(37, 'Raspberry Pi Pico', 'A microcontroller from Raspberry Pi.', 'A low-cost board with the RP2040 chip.', 'A powerful alternative to Arduino, great for real-time applications.', 1, 'https://placehold.co/300x300/EEE/333?text=Pi+Pico', NULL),
(38, 'ESP32 Dev Kit', 'A powerful WiFi and Bluetooth board.', 'A development board with the ESP32 chip.', 'An Arduino-compatible board with built-in wireless connectivity.', 1, 'https://placehold.co/300x300/EEE/333?text=ESP32', NULL),
(39, 'ESP8266 (NodeMCU)', 'A low-cost WiFi-enabled board.', 'A development board with the ESP-12E chip.', 'A popular, cheaper alternative to the ESP32 for WiFi projects.', 1, 'https://placehold.co/300x300/EEE/333?text=NodeMCU', NULL),
(40, 'Arduino Nano', 'A small, breadboard-friendly Arduino.', 'A compact board with the same power as the UNO.', 'Ideal for projects where space is limited.', 1, 'https://placehold.co/300x300/EEE/333?text=Nano', NULL),
(41, 'PIR Motion Sensor (HC-SR501)', 'A passive infrared motion sensor.', 'A sensor that detects body heat and motion.', 'Used for automatic lights or alarm systems.', 8, 'https://placehold.co/300x300/EEE/333?text=PIR+Sensor', NULL),
(42, 'Infrared (IR) Receiver Module', 'A sensor that reads IR signals.', 'A 3-pin module (like TSOP4838) that decodes IR.', 'Used to read signals from common remote controls.', 8, 'https://placehold.co/300x300/EEE/333?text=IR+Receiver', NULL),
(43, 'Soil Moisture Sensor', 'A sensor that measures soil dampness.', 'A two-prong sensor with a comparator module.', 'Used for automated plant watering systems.', 8, 'https://placehold.co/300x300/EEE/333?text=Soil+Sensor', NULL),
(44, 'IR Emitter LED', 'An infrared light-emitting diode.', 'An LED that emits light invisible to the human eye.', 'Used with an IR receiver to make a beam-break sensor.', 9, 'https://placehold.co/300x300/EEE/333?text=IR+LED', NULL),
(45, 'IR Remote Control', 'A small, generic IR remote.', 'A remote control with number pad and directional buttons.', 'Used to send signals to an IR receiver module.', 9, 'https://placehold.co/300x300/EEE/333?text=IR+Remote', NULL),
(46, 'Raspberry Pi Camera Cable', 'A ribbon cable for the Pi camera.', 'A 15-pin FFC ribbon cable.', 'Connects the Raspberry Pi Camera Module to the Pi board.', 5, 'https://placehold.co/300x300/EEE/333?text=Pi+Cam+Cable', NULL),
(47, 'Raspberry Pi Camera Module v2', 'An 8MP camera for Raspberry Pi.', 'The official 8-megapixel camera module.', 'Connects to the Pi''''s CSI port for photos and video.', 9, 'https://placehold.co/300x300/EEE/333?text=Pi+Camera', NULL),
(48, 'Arduino UNO R4 WiFi', 'The new generation UNO with WiFi.', 'UNO board with RA4M1 (Arm) and ESP32-S3 for WiFi/BT.', 'Combines the UNO form factor with modern power and connectivity.', 1, 'https://placehold.co/300x300/EEE/333?text=UNO+R4+WiFi', NULL),
(49, 'Arduino UNO R4 Minima', 'The new generation UNO (basic).', 'UNO board with RA4M1 (Arm Cortex-M4) processor.', 'A powerful, faster update to the classic UNO R3.', 1, 'https://placehold.co/300x300/EEE/333?text=UNO+R4+Minima', NULL),
(50, 'Arduino UNO Mini Limited Edition', 'A collectible, tiny UNO board.', 'A miniature version of the UNO R3.', 'A special-edition board for collectors and tiny projects.', 1, 'https://placehold.co/300x300/EEE/333?text=UNO+Mini', NULL),
(51, 'Arduino UNO WiFi Rev2', 'UNO R3 with built-in WiFi.', 'ATmega4809 with a u-blox NINA-W102 WiFi module.', 'The classic UNO with added WiFi and an IMU.', 1, 'https://placehold.co/300x300/EEE/333?text=UNO+WiFi+R2', NULL),
(52, 'Arduino UNO R3 SMD', 'UNO R3 with a surface-mount chip.', 'Same as UNO R3, but with an ATmega328P SMD chip.', 'Functionally identical to the R3, just a different chip package.', 1, 'https://placehold.co/300x300/EEE/333?text=UNO+R3+SMD', NULL),
(53, 'Arduino Nano RP2040 Connect', 'A Nano with the Pi Pico chip and WiFi.', 'RP2040 chip with a u-blox NINA-W102 WiFi/BT module.', 'A very powerful Nano with wireless and onboard sensors.', 1, 'https://placehold.co/300x300/EEE/333?text=Nano+RP2040', NULL),
(54, 'Arduino Nano ESP32', 'A Nano powered by an ESP32-S3.', 'A Nano-form-factor board with an ESP32-S3.', 'Brings the power of the ESP32 to the tiny Nano footprint.', 1, 'https://placehold.co/300x300/EEE/333?text=Nano+ESP32', NULL),
(55, 'Arduino Nano 33 IoT', 'A Nano for Internet of Things projects.', 'SAMD21 (Arm) with a u-blox NINA-W102 WiFi/BT module.', 'Designed for IoT applications, includes an IMU and crypto chip.', 1, 'https://placehold.co/300x300/EEE/333?text=Nano+33+IoT', NULL),
(56, 'Arduino Nano 33 BLE Sense', 'A Nano with Bluetooth and many sensors.', 'nRF52840 (Arm) with BLE and a suite of onboard sensors.', 'Features gesture, pressure, humidity, light, and microphone sensors.', 1, 'https://placehold.co/300x300/EEE/333?text=Nano+BLE+Sense', NULL),
(57, 'Arduino Nano 33 BLE', 'A Nano with Bluetooth Low Energy.', 'nRF52840 (Arm) with Bluetooth LE connectivity.', 'A powerful board for low-power Bluetooth projects.', 1, 'https://placehold.co/300x300/EEE/333?text=Nano+33+BLE', NULL),
(58, 'Arduino Nano Every', 'A modern take on the classic Nano.', 'ATmega4809 processor in the Nano form factor.', 'An updated, more powerful version of the classic Nano.', 1, 'https://placehold.co/300x300/EEE/333?text=Nano+Every', NULL),
(59, 'Arduino MKR 1000 WiFi', 'An MKR board with WiFi (older).', 'SAMD21 (Arm) with an older WINC1500 WiFi module.', 'One of the first MKR boards for WiFi and IoT.', 1, 'https://placehold.co/300x300/EEE/333?text=MKR+1000', NULL),
(60, 'Arduino MKR WiFi 1010', 'The standard MKR board for WiFi.', 'SAMD21 (Arm) with a u-blox NINA-W102 WiFi/BT module.', 'The go-to MKR board for modern WiFi/Bluetooth projects.', 1, 'https://placehold.co/300x300/EEE/333?text=MKR+1010', NULL),
(61, 'Arduino MKR FOX 1200', 'An MKR board for the Sigfox network.', 'SAMD21 (Arm) with a Sigfox module.', 'For long-range, low-power IoT on the Sigfox network.', 1, 'https://placehold.co/300x300/EEE/333?text=MKR+FOX+1200', NULL),
(62, 'Arduino MKR WAN 1300', 'An MKR board for LoRaWAN.', 'SAMD21 (Arm) with a Murata LoRa module.', 'For long-range, low-power IoT using LoRa.', 1, 'https://placehold.co/300x300/EEE/333?text=MKR+WAN+1300', NULL),
(63, 'Arduino MKR WAN 1310', 'An updated MKR board for LoRaWAN.', 'SAMD21 (Arm) with a Murata LoRa module (newer).', 'An updated version of the MKR WAN 1300.', 1, 'https://placehold.co/300x300/EEE/333?text=MKR+WAN+1310', NULL),
(64, 'Arduino MKR GSM 1400', 'An MKR board for 2G/3G cellular.', 'SAMD21 (Arm) with a SARA-U201 cellular modem.', 'Connects projects to the internet via the cellular network.', 1, 'https://placehold.co/300x300/EEE/333?text=MKR+GSM+1400', NULL),
(65, 'Arduino MKR NB 1500', 'An MKR board for NarrowBand IoT.', 'SAMD21 (Arm) with a SARA-R410M modem.', 'Connects to modern, low-power cellular IoT networks (NB-IoT, Cat-M1).', 1, 'https://placehold.co/300x300/EEE/333?text=MKR+NB+1500', NULL),
(66, 'Arduino MKR Vidor 4000', 'An MKR board with an FPGA.', 'SAMD21 (Arm) plus an Intel Cyclone 10CL016 FPGA.', 'A unique board for high-speed digital logic and processing.', 1, 'https://placehold.co/300x300/EEE/333?text=MKR+Vidor+4000', NULL),
(67, 'Arduino MKR Zero', 'A basic MKR board with SD card.', 'SAMD21 (Arm) with no radio, but has an SD card slot.', 'Used for data logging and projects needing a 32-bit chip.', 1, 'https://placehold.co/300x300/EEE/333?text=MKR+Zero', NULL),
(68, 'Arduino Leonardo', 'An Arduino that can act as a mouse/keyboard.', 'ATmega32U4 with built-in USB.', 'Can emulate a USB HID device, perfect for custom controllers.', 1, 'https://placehold.co/300x300/EEE/333?text=Leonardo', NULL),
(69, 'Arduino Micro', 'A tiny, breadboard-friendly Leonardo.', 'ATmega32U4 in a very small package.', 'Like the Leonardo, but small enough for compact projects.', 1, 'https://placehold.co/300x300/EEE/333?text=Micro', NULL),
(70, 'Arduino Zero', 'A powerful 32-bit version of the UNO.', 'SAMD21 (Arm Cortex-M0+) processor.', 'The original 32-bit Arduino, offering more power than the UNO R3.', 1, 'https://placehold.co/300x300/EEE/333?text=Zero', NULL),
(71, 'Arduino Mega 2560 Rev3', 'A large Arduino with many pins.', 'ATmega2560 with 54 digital I/O pins.', 'Used for complex projects that need a huge number of pins, like 3D printers.', 1, 'https://placehold.co/300x300/EEE/333?text=Mega+2560', NULL),
(72, 'Arduino Due', 'A 32-bit version of the Mega.', 'ATSAM3X8E (Arm Cortex-M3) processor.', 'A fast, powerful 32-bit board in the Mega form factor. (Note: 3.3V logic)', 1, 'https://placehold.co/300x300/EEE/333?text=Due', NULL),
(73, 'Arduino GIGA R1 WiFi', 'The most powerful Arduino board.', 'Dual-core STM32 (M7+M4) and a Murata WiFi/BT module.', 'A high-performance board for machine learning, robotics, and complex tasks.', 1, 'https://placehold.co/300x300/EEE/333?text=GIGA+R1', NULL),
(74, 'Arduino Nano Motor Carrier', 'A motor control shield for the Nano.', 'A board with motor drivers, IMU, and connectors for the Nano.', 'Turns a Nano into a powerful robotics controller.', 4, 'https://placehold.co/300x300/EEE/333?text=Nano+Motor', NULL),
(75, 'Arduino MKR ENV Shield Rev2', 'An environmental sensor shield for MKR.', 'A shield with sensors for pressure, temp, humidity, and light.', 'An easy way to add environment sensing to an MKR board.', 8, 'https://placehold.co/300x300/EEE/333?text=MKR+ENV', NULL),
(76, 'Arduino MKR GPS Shield', 'A GPS shield for the MKR family.', 'A shield with a u-blox SAM-M8Q GPS/GNSS module.', 'Adds high-precision location tracking to MKR projects.', 8, 'https://placehold.co/300x300/EEE/333?text=MKR+GPS', NULL),
(77, 'Arduino MKR IMU Shield', 'An inertial sensor shield for MKR.', 'A shield with a 6-axis IMU (accelerometer/gyro).', 'Adds motion and orientation sensing to MKR projects.', 8, 'https://placehold.co/300x300/EEE/333?text=MKR+IMU', NULL),
(78, 'Arduino MKR RGB Shield', 'An 8x12 RGB LED matrix for MKR.', 'A shield with 96 individually addressable RGB LEDs.', 'A small display for showing animations or data on an MKR board.', 9, 'https://placehold.co/300x300/EEE/333?text=MKR+RGB', NULL),
(79, 'Arduino MKR Therm Shield', 'A thermocouple shield for MKR.', 'A shield for reading high-temperature K-type thermocouples.', 'Used for industrial temperature sensing (e.g., ovens).', 8, 'https://placehold.co/300x300/EEE/333?text=MKR+Therm', NULL),
(80, 'Arduino MKR ETH Shield', 'An Ethernet shield for the MKR family.', 'A shield with a W5500 Ethernet controller.', 'Adds reliable, wired Ethernet connectivity to MKR boards.', 5, 'https://placehold.co/300x300/EEE/333?text=MKR+ETH', NULL),
(81, 'Arduino MKR 485 Shield', 'An RS-485 interface for MKR.', 'A shield for industrial RS-485 communication.', 'Used for communicating with industrial equipment.', 14, 'https://placehold.co/300x300/EEE/333?text=MKR+485', NULL),
(82, 'Arduino MKR CAN Shield', 'A CAN Bus interface for MKR.', 'A shield for CAN Bus communication.', 'Used for communicating with automotive or industrial systems.', 14, 'https://placehold.co/300x300/EEE/333?text=MKR+CAN', NULL),
(83, 'Arduino MKR MEM Shield', 'A storage shield for the MKR family.', 'A shield with a microSD slot and 2MB flash memory.', 'Used for data logging or storing project files.', 1, 'https://placehold.co/300x300/EEE/333?text=MKR+MEM', NULL),
(84, 'Arduino Motor Shield Rev3', 'A dual motor driver for UNO.', 'A shield based on the L298 driver.', 'Controls two DC motors or one stepper motor.', 4, 'https://placehold.co/300x300/EEE/333?text=Motor+Shield+R3', NULL),
(85, 'Arduino 4 Relays Shield', 'A shield with four relays.', 'A shield that adds 4 relays to an UNO/Mega.', 'Allows an Arduino to switch four high-power AC/DC loads.', 4, 'https://placehold.co/300x300/EEE/333?text=4+Relay+Shield', NULL),
(86, 'Arduino Ethernet Shield Rev2', 'An Ethernet shield for UNO/Mega.', 'A shield with a W5500 Ethernet controller.', 'Adds wired Ethernet to classic Arduino boards.', 5, 'https://placehold.co/300x300/EEE/333?text=Ethernet+Shield', NULL),
(87, 'Arduino 9 Axis Motion Shield', 'An IMU shield for classic Arduinos.', 'A shield with a 9-axis (accel, gyro, mag) IMU.', 'Adds motion sensing to UNO or Leonardo.', 8, 'https://placehold.co/300x300/EEE/333?text=9+Axis+Shield', NULL),
(88, 'Arduino GIGA Display Shield', 'A touchscreen display for the GIGA.', 'A shield with a 3.97" 480x800 touchscreen.', 'A dedicated display for the GIGA R1 board.', 9, 'https://placehold.co/300x300/EEE/333?text=GIGA+Display', NULL),
(89, 'Arduino Starter Kit', 'An all-in-one kit for beginners.', 'A kit with an UNO R3, breadboard, components, and book.', 'The official kit for learning Arduino.', 7, 'https://placehold.co/300x300/EEE/333?text=Starter+Kit', NULL),
(90, '16x2 I2C LCD Display', 'A 16-character, 2-line LCD.', 'A standard LCD with an I2C backpack.', 'A simple text display, controlled with only two pins (SDA/SCL).', 9, 'https://placehold.co/300x300/EEE/333?text=16x2+LCD', NULL),
(91, 'OLED Display 0.96" I2C', 'A small, bright graphic display.', 'A 128x64 pixel monochrome OLED display.', 'A high-contrast display for showing graphics or text.', 9, 'https://placehold.co/300x300/EEE/333?text=OLED+0.96', NULL),
(92, 'MAX7219 8x8 LED Matrix Module', 'An 8x8 grid of red LEDs.', 'A pre-built module with a MAX7219 driver.', 'A simple, chainable display for small animations or symbols.', 9, 'https://placehold.co/300x300/EEE/333?text=8x8+Matrix', NULL),
(93, 'TM1637 4-Digit 7-Segment Display', 'A 4-digit number display.', 'A 7-segment display module with a TM1637 driver.', 'Used for clocks, timers, or showing sensor readings.', 9, 'https://placehold.co/300x300/EEE/333?text=TM1637', NULL),
(94, 'SG90 9g Micro Servo', 'A small, lightweight servo motor.', 'A 180-degree hobby servo.', 'Used for small robotic arms, steering, or pan/tilt mechanisms.', 4, 'https://placehold.co/300x300/EEE/333?text=SG90+Servo', NULL),
(95, '28BYJ-48 Stepper Motor + ULN2003', 'A small stepper motor with driver.', 'A 5V geared stepper motor and Darlington driver board.', 'Used for projects requiring precise rotational control.', 4, 'https://placehold.co/300x300/EEE/333?text=28BYJ-48', NULL),
(96, 'L298N Dual H-Bridge Motor Driver', 'A driver for two DC motors.', 'A module based on the L298N chip.', 'Allows an Arduino to control the speed and direction of two motors.', 4, 'https://placehold.co/300x300/EEE/333?text=L298N', NULL),
(97, 'A4988 Stepper Motor Driver', 'A small driver for NEMA steppers.', 'A "step stick" driver with microstepping.', 'Commonly used in 3D printers and CNC machines.', 4, 'https://placehold.co/300x300/EEE/333?text=A4988', NULL),
(98, 'DS3231 Real-Time Clock (RTC)', 'A high-precision timekeeping module.', 'An I2C RTC module with a backup battery holder.', 'Keeps track of time even when the Arduino is off.', 1, 'https://placehold.co/300x300/EEE/333?text=DS3231', NULL),
(99, 'MicroSD Card Adapter', 'A module to read/write MicroSD cards.', 'An SPI module for SD card storage.', 'Used for data logging, storing images, or serving web pages.', 1, 'https://placehold.co/300x300/EEE/333?text=SD+Adapter', NULL),
(100, 'RC522 RFID Reader Module', 'A 13.56MHz RFID reader/writer.', 'An SPI module with a card and fob.', 'Used for access control systems or simple identification.', 8, 'https://placehold.co/300x300/EEE/333?text=RC522', NULL),
(101, 'MPU-6050 6-Axis IMU', 'A 6-axis motion sensor.', 'An I2C module with a 3-axis gyro and 3-axis accelerometer.', 'Used for detecting motion, orientation, and tilt.', 8, 'https://placehold.co/300x300/EEE/333?text=MPU-6050', NULL),
(102, 'MQ-2 Gas Sensor Module', 'A sensor for smoke and flammable gas.', 'A semiconductor sensor for Methane, Butane, LPG, Smoke.', 'Used for simple gas leak or smoke detectors.', 8, 'https://placehold.co/300x300/EEE/333?text=MQ-2', NULL),
(103, 'KY-037 Sound Detection Module', 'A simple microphone module.', 'A module with a microphone and comparator.', 'Used to detect loud sounds, like a clap.', 8, 'https://placehold.co/300x300/EEE/333?text=Sound+Sensor', NULL),
(104, 'Joystick Module (KY-023)', 'A 2-axis joystick module.', 'A 2-axis potentiometer with a pushbutton.', 'Used as an input controller for robots or games.', 8, 'https://placehold.co/300x300/EEE/333?text=Joystick', NULL),
(105, 'Rain Sensor Module', 'A sensor that detects rain.', 'A sensor plate with a comparator module.', 'Used for weather stations or automatic wipers.', 8, 'https://placehold.co/300x300/EEE/333?text=Rain+Sensor', NULL),
(106, '4x4 Keypad Module', 'A 16-button matrix keypad.', 'A 4x4 grid of tactile buttons.', 'Used for code entry or user input.', 4, 'https://placehold.co/300x300/EEE/333?text=4x4+Keypad', NULL),
(107, 'Tactile Pushbutton (12mm)', 'A 4-pin momentary pushbutton.', 'A standard breadboard-friendly button.', 'The most common component for digital input.', 4, 'https://placehold.co/300x300/EEE/333?text=Pushbutton', NULL),
(108, 'Piezo Buzzer (Active)', 'A buzzer that makes a tone.', 'A 5V active buzzer module.', 'Makes a beeping sound when given power, used for alerts.', 4, 'https://placehold.co/300x300/EEE/333?text=Active+Buzzer', NULL),
(109, 'Piezo Buzzer (Passive)', 'A buzzer that can play tones.', 'A passive piezo element.', 'Can play different frequencies (notes) using PWM.', 4, 'https://placehold.co/300x300/EEE/333?text=Passive+Buzzer', NULL),
(110, 'DC Motor (3-6V)', 'A small hobby DC motor.', 'A "130-size" motor with leads.', 'A simple motor for basic robotic or fan projects.', 4, 'https://placehold.co/300x300/EEE/333?text=3-6V+Motor', NULL),
(111, '10k Potentiometer (Trimpot)', 'A 10k ohm variable resistor.', 'A breadboard-friendly trimpot.', 'Used for analog input, like a volume or dimmer knob.', 3, 'https://placehold.co/300x300/EEE/333?text=10k+Pot', NULL),
(112, 'TMP36 Analog Temperature Sensor', 'An analog temperature sensor.', 'A 3-pin sensor (like LM35/TMP36).', 'Outputs a voltage proportional to the temperature.', 8, 'https://placehold.co/300x300/EEE/333?text=TMP36', NULL),
(113, '74HC595 Shift Register', 'An 8-bit shift register IC.', 'A "Serial-to-Parallel" converter.', 'Use 3 Arduino pins to control 8 outputs (like LEDs).', 1, 'https://placehold.co/300x300/EEE/333?text=74HC595', NULL),
(114, 'SPDT Toggle Switch', 'A 3-pin On-On toggle switch.', 'A Single-Pole Double-Throw switch.', 'A simple switch for selecting one of two connections.', 4, 'https://placehold.co/300x300/EEE/333?text=SPDT+Toggle', NULL),
(115, 'DPDT Toggle Switch', 'A 6-pin On-On toggle switch.', 'A Double-Pole Double-Throw switch.', 'Used for reversing motor polarity or switching two signals at once.', 4, 'https://placehold.co/300x300/EEE/333?text=DPDT+Toggle', NULL),
(116, 'SPST Rocker Switch', 'A 2-pin On-Off rocker switch.', 'A standard AC power switch.', 'Used for turning power supplies or appliances on and off.', 4, 'https://placehold.co/300x300/EEE/333?text=Rocker+Switch', NULL),
(117, 'Momentary Pushbutton (Panel Mount)', 'A 16mm metal momentary button.', 'A panel-mount switch (normally open).', 'A high-quality button for project enclosures.', 4, 'https://placehold.co/300x300/EEE/333?text=Panel+Button', NULL),
(118, 'Latching Pushbutton (Panel Mount)', 'A 16mm metal latching button.', 'A panel-mount On-Off switch.', 'A press-on, press-off switch for project enclosures.', 4, 'https://placehold.co/300x300/EEE/333?text=Latch+Button', NULL),
(119, 'DIP Switch (8-Position)', 'An 8-position DIP switch.', 'A row of 8 small On-Off switches.', 'Used for setting configuration or modes on a PCB.', 4, 'https://placehold.co/300x300/EEE/333?text=DIP+Switch', NULL),
(120, 'NEMA 17 Stepper Motor', 'A standard stepper motor.', 'A 1.8-degree/step bipolar stepper motor.', 'The most common motor for 3D printers and small CNC machines.', 4, 'https://placehold.co/300x300/EEE/333?text=NEMA+17', NULL),
(121, 'MG996R High-Torque Servo', 'A powerful, metal-gear servo.', 'A standard-size, high-torque (10kg-cm) servo.', 'Used for heavy-duty robotics or RC cars.', 4, 'https://placehold.co/300x300/EEE/333?text=MG996R', NULL),
(122, '12V Solenoid Valve (1/2")', 'An electric valve for liquids.', 'A 12V normally-closed solenoid valve.', 'Used for controlling the flow of water in projects.', 4, 'https://placehold.co/300x300/EEE/333?text=Solenoid+Valve', NULL),
(123, '12V Solenoid Lock', 'An electric door lock.', 'A 12V solenoid-based latch.', 'Used for making electronic locks for doors or boxes.', 4, 'https://placehold.co/300x300/EEE/333?text=Solenoid+Lock', NULL),
(124, '24V 5A Power Relay', 'A high-current PCB relay.', 'A 24V coil, 5A 250VAC contact relay.', 'Used in industrial controls or high-power switching.', 4, 'https://placehold.co/300x300/EEE/333?text=24V+Relay', NULL),
(125, 'Solid State Relay (SSR) 25A', 'A silent, fast relay.', 'A DC-to-AC Solid State Relay (3-32VDC input, 24-380VAC output).', 'Used for silently switching high-current AC loads (like heaters).', 4, 'https://placehold.co/300x300/EEE/333?text=SSR+25A', NULL),
(126, '5mm Yellow LED', 'A basic 5mm yellow LED.', 'A light-emitting diode.', 'A common indicator light.', 9, 'https://placehold.co/300x300/EEE/333?text=Yellow+LED', NULL),
(127, '5mm White LED', 'A basic 5mm bright white LED.', 'A light-emitting diode.', 'A common indicator or illumination light.', 9, 'https://placehold.co/300x300/EEE/333?text=White+LED', NULL),
(128, '5mm RGB LED (Common Cathode)', 'A 4-pin RGB LED.', 'Red, Green, and Blue in one package.', 'Can be mixed to create any color.', 9, 'https://placehold.co/300x300/EEE/333?text=RGB+LED', NULL),
(129, 'WS2812B "NeoPixel" LED', 'An individually addressable RGB LED.', 'A 5050 SMD LED with an integrated driver.', 'Used to build custom LED strips and matrices.', 9, 'https://placehold.co/300x300/EEE/333?text=WS2812B', NULL),
(130, 'WS2812B LED Strip (1m, 60/m)', 'A 1-meter strip of NeoPixels.', 'A strip with 60 addressable LEDs.', 'Used for complex lighting effects and displays.', 9, 'https://placehold.co/300x300/EEE/333?text=LED+Strip', NULL),
(131, '4N25 Optocoupler', 'A 6-pin optocoupler IC.', 'An LED and phototransistor in one package.', 'Used to electrically isolate two circuits (e.g., AC from DC).', 9, 'https://placehold.co/300x300/EEE/333?text=4N25', NULL),
(132, 'PC817 Optocoupler', 'A 4-pin optocoupler IC.', 'A simple, general-purpose optoisolator.', 'Used for isolating logic signals or as a simple solid-state switch.', 9, 'https://placehold.co/300x300/EEE/333?text=PC817', NULL),
(133, '1.8" TFT Color Display (SPI)', 'A 1.8-inch color graphic display.', 'A 128x160 pixel TFT display with an SPI interface.', 'A small color screen for Arduino projects.', 9, 'https://placehold.co/300x300/EEE/333?text=1.8+TFT', NULL),
(134, 'TOSLINK Fiber Optic Emitter', 'A fiber optic transmitter.', 'A digital audio (S/PDIF) optical transmitter.', 'Used for sending high-fidelity digital audio signals.', 9, 'https://placehold.co/300x300/EEE/333?text=TOSLINK+TX', NULL),
(135, 'TOSLINK Fiber Optic Receiver', 'A fiber optic receiver.', 'A digital audio (S/PDIF) optical receiver.', 'Used for receiving high-fidelity digital audio signals.', 9, 'https://placehold.co/300x300/EEE/333?text=TOSLINK+RX', NULL),
(136, '5mW Red Laser Diode Module', 'A small red laser module.', 'A 5V, 650nm red laser dot module.', 'Used for pointers, alignment, or laser-based sensors.', 9, 'https://placehold.co/300x300/EEE/333?text=Laser+Module', NULL),
(137, 'Circuit Breaker (10A, Panel)', 'A 10-amp resettable circuit breaker.', 'A thermal circuit breaker for panel mounting.', 'A resettable alternative to a fuse for 10A circuits.', 10, 'https://placehold.co/300x300/EEE/333?text=10A+Breaker', NULL),
(138, 'P6KE6.8A TVS Diode', 'A Transient Voltage Suppressor diode.', 'A 6.8V TVS diode.', 'Protects sensitive circuits from high-voltage spikes.', 10, 'https://placehold.co/300x300/EEE/333?text=TVS+Diode', NULL),
(139, '5x20mm Fuse Holder (Panel Mount)', 'A panel-mount holder for glass fuses.', 'A screw-cap fuse holder.', 'Used to securely mount a 5x20mm fuse in an enclosure.', 10, 'https://placehold.co/300x300/EEE/333?text=Fuse+Holder', NULL),
(140, '14D471K Varistor (470V)', 'A 470V Metal Oxide Varistor (MOV).', 'A voltage-dependent resistor.', 'Used to protect AC power lines from voltage surges.', 10, 'https://placehold.co/300x300/EEE/333?text=Varistor', NULL),
(141, 'PTC Resettable Fuse (1A)', 'A 1A polyfuse.', 'A Positive Temperature Coefficient resettable fuse.', 'Acts like a self-resetting fuse for low-voltage DC circuits.', 10, 'https://placehold.co/300x300/EEE/333?text=PTC+Fuse', NULL),
(142, 'uESD5V0L1-B ESD Protection Diode', 'A tiny ESD protection IC.', 'A single-line, low-capacitance ESD protection diode.', 'Protects sensitive data lines (like USB) from electrostatic discharge.', 10, 'https://placehold.co/300x300/EEE/333?text=ESD+Diode', NULL),
(143, 'TPD4E05U06 ESD Protection IC', 'A 4-channel ESD protection IC.', 'A 4-line TVS array for ESD protection.', 'Protects up to 4 data lines (like HDMI or USB) at once.', 10, 'https://placehold.co/300x300/EEE/333?text=ESD+IC', NULL),
(144, 'LM2596 Buck Converter Module', 'A step-down voltage regulator module.', 'An adjustable DC-DC buck converter.', 'Efficiently steps down a high voltage to a lower one (e.g., 12V to 5V).', 1, 'https://placehold.co/300x300/EEE/333?text=LM2596', NULL),
(145, 'MT3608 Boost Converter Module', 'A step-up voltage regulator module.', 'An adjustable DC-DC boost converter.', 'Efficiently steps up a low voltage to a higher one (e.g., 3.7V to 5V).', 1, 'https://placehold.co/300x300/EEE/333?text=MT3608', NULL),
(146, 'TP4056 LiPo Charger Module', 'A single-cell Li-Ion charger.', 'A 1A linear battery charger module with protection.', 'Safely charges 3.7V Lithium-Ion batteries via USB.', 1, 'https://placehold.co/300x300/EEE/333?text=TP4056', NULL),
(147, 'DS1307 RTC IC', 'A Real-Time Clock IC.', 'A low-power I2C real-time clock chip.', 'The bare chip version of the DS3231 module.', 1, 'https://placehold.co/300x300/EEE/333?text=DS1307', NULL),
(148, '16MHz Crystal Oscillator', 'A 16MHz clock crystal.', 'A standard 16.000 MHz crystal.', 'Used with microcontrollers (like ATmega328) as a clock source.', 1, 'https://placehold.co/300x300/EEE/333?text=16MHz+Crystal', NULL),
(149, 'ATmega328P-PU IC', 'The brain of an Arduino UNO.', 'A 28-pin DIP microcontroller.', 'The standalone chip, can be used to build a custom Arduino.', 1, 'https://placehold.co/300x300/EEE/333?text=ATmega328P', NULL),
(150, 'STM32F103C8T6 "Blue Pill"', 'A powerful, low-cost ARM board.', 'An STM32 (Arm Cortex-M3) development board.', 'A popular, more powerful alternative to an Arduino Nano.', 1, 'https://placehold.co/300x300/EEE/333?text=Blue+Pill', NULL),
(151, 'ATtiny85-20PU IC', 'A tiny 8-pin microcontroller.', 'A small 8-pin DIP AVR microcontroller.', 'A small, cheap microcontroller for very simple projects.', 1, 'https://placehold.co/300x300/EEE/333?text=ATtiny85', NULL),
(152, '24LC256 256K I2C EEPROM', 'A 256Kbit (32KB) EEPROM IC.', 'A non-volatile I2C memory chip.', 'Used for storing user settings or data logs permanently.', 1, 'https://placehold.co/300x300/EEE/333?text=24LC256', NULL),
(153, 'W25Q64 64Mbit SPI Flash', 'A 64Mbit (8MB) SPI Flash IC.', 'A non-volatile SPI memory chip.', 'Used for storing larger assets, like web pages or sensor data.', 1, 'https://placehold.co/300x300/EEE/333?text=SPI+Flash', NULL),
(154, '74HC00 Quad NAND Gate', 'A basic logic IC.', 'An IC with four 2-input NAND gates.', 'Used for fundamental digital logic operations.', 1, 'https://placehold.co/300x300/EEE/333?text=74HC00', NULL),
(155, '74HC04 Hex Inverter', 'A basic logic IC.', 'An IC with six NOT gates (inverters).', 'Used for inverting digital logic signals.', 1, 'https://placehold.co/300x300/EEE/333?text=74HC04', NULL),
(156, 'CD4017 Decade Counter', 'A 10-output counter IC.', 'A 5-stage Johnson decade counter.', 'Used for "Cylon eye" or "Knight Rider" LED chasers.', 1, 'https://placehold.co/300x300/EEE/333?text=CD4017', NULL),
(157, 'nRF24L01+ Transceiver Module', 'A 2.4GHz wireless module.', 'A low-cost, low-power SPI radio transceiver.', 'Used for wireless communication between two Arduinos.', 1, 'https://placehold.co/300x300/EEE/333?text=nRF24L01', NULL),
(158, 'LM386 Audio Amplifier IC', 'A low-power audio amp IC.', 'A simple 8-pin audio amplifier.', 'Used to build simple speaker amplifiers.', 1, 'https://placehold.co/300x300/EEE/333?text=LM386', NULL),
(159, 'LM358 Dual Op-Amp', 'A general-purpose dual op-amp.', 'An IC with two op-amps, single-supply.', 'A common, easy-to-use op-amp for sensor circuits.', 1, 'https://placehold.co/300x300/EEE/333?text=LM358', NULL),
(160, 'LM317 Adjustable Regulator', 'An adjustable linear regulator.', 'A 3-pin IC (TO-220) for adjustable voltage output.', 'Used to create a custom, variable voltage power supply.', 11, 'https://placehold.co/300x300/EEE/333?text=LM317', NULL),
(161, 'MAX232 RS232 to TTL IC', 'An RS232 level shifter IC.', 'Converts TTL (5V) logic to RS232 (+-12V) levels.', 'Used for interfacing with older serial ports.', 1, 'https://placehold.co/300x300/EEE/333?text=MAX232', NULL),
(162, 'MCP2515 CAN Bus Controller', 'An SPI CAN Bus controller IC.', 'An IC that handles the CAN protocol.', 'Used to add CAN bus capabilities to a microcontroller.', 1, 'https://placehold.co/300x300/EEE/333?text=MCP2515', NULL),
(163, 'ADS1115 16-bit ADC Module', 'A 4-channel, 16-bit ADC.', 'A high-precision Analog-to-Digital converter module (I2C).', 'Used to get more, or higher-precision, analog inputs.', 1, 'https://placehold.co/300x300/EEE/333?text=ADS1115', NULL),
(164, 'MCP4725 12-bit DAC Module', 'A 12-bit Digital-to-Analog converter.', 'An I2C module that outputs a true analog voltage.', 'Used to make a "reverse ADC" for audio or control signals.', 1, 'https://placehold.co/300x300/EEE/333?text=MCP4725', NULL),
(165, 'M12 Circular Connector (4-pin)', 'A 4-pin M12 industrial connector.', 'A waterproof, threaded connector.', 'Used in industrial sensors and automation.', 5, 'https://placehold.co/300x300/EEE/333?text=M12+4-pin', NULL),
(166, 'Card Edge Connector (22-pin)', 'A 2.54mm 22-pin card edge socket.', 'A connector for PCB "cards".', 'Used for old-style expansion cards or cartridges.', 5, 'https://placehold.co/300x300/EEE/333?text=Card+Edge', NULL),
(167, 'DB9 Male Solder Cup', 'A 9-pin D-Sub male connector.', 'A D-Sub connector for soldering wires.', 'Used for building RS232 serial cables.', 5, 'https://placehold.co/300x300/EEE/333?text=DB9+Male', NULL),
(168, 'DB9 Female Solder Cup', 'A 9-pin D-Sub female connector.', 'A D-Sub connector for soldering wires.', 'Used for building RS232 serial cables.', 5, 'https://placehold.co/300x300/EEE/333?text=DB9+Female', NULL),
(169, 'JST-XH 2.54mm 2-Pin Set', 'A 2-pin JST-XH connector set.', 'A common connector for batteries and fans.', 'Includes male PCB header and female crimp housing.', 5, 'https://placehold.co/300x300/EEE/333?text=JST+2-pin', NULL),
(170, 'JST-XH 2.54mm 4-Pin Set', 'A 4-pin JST-XH connector set.', 'A common connector for stepper motors.', 'Includes male PCB header and female crimp housing.', 5, 'https://placehold.co/300x300/EEE/333?text=JST+4-pin', NULL),
(171, 'Screw Terminal Block (2-pin, 5mm)', 'A 2-pin PCB screw terminal.', 'A connector for bare wires.', 'Used for secure power or signal connections to a PCB.', 5, 'https://placehold.co/300x300/EEE/333?text=2-pin+Term', NULL),
(172, 'Screw Terminal Block (3-pin, 5mm)', 'A 3-pin PCB screw terminal.', 'A connector for bare wires.', 'Used for secure power or signal connections to a PCB.', 5, 'https://placehold.co/300x300/EEE/333?text=3-pin+Term', NULL),
(173, 'XT60 Power Connector (Pair)', 'A high-current DC connector.', 'A yellow connector pair (male/female).', 'Used for high-current batteries, like LiPos in drones.', 5, 'https://placehold.co/300x300/EEE/333?text=XT60', NULL),
(174, 'SMA Panel Mount Connector', 'An SMA female bulkhead connector.', 'A common RF connector.', 'Used for mounting an external antenna to an enclosure.', 5, 'https://placehold.co/300x300/EEE/333?text=SMA+Panel', NULL),
(175, 'BNC Female Panel Mount', 'A BNC female bulkhead connector.', 'A common RF/video connector.', 'Used for test equipment (oscilloscopes) and older video signals.', 5, 'https://placehold.co/300x300/EEE/333?text=BNC+Panel', NULL),
(176, 'Spade Crimp Terminal (Red)', 'A 22-16 AWG spade terminal.', 'A crimp-on terminal.', 'Used for connecting wires to screw terminal blocks.', 5, 'https://placehold.co/300x300/EEE/333?text=Spade+Term', NULL),
(177, 'RJ45 Jack (PCB Mount)', 'An 8P8C Ethernet jack.', 'A PCB-mount socket for Ethernet cables.', 'Used for adding wired networking to a device.', 5, 'https://placehold.co/300x300/EEE/333?text=RJ45+Jack', NULL),
(178, 'DIP IC Socket (8-pin)', 'An 8-pin IC socket.', 'A socket for DIP-8 chips.', 'Allows ICs (like 555s or op-amps) to be swapped easily.', 5, 'https://placehold.co/300x300/EEE/333?text=DIP8+Socket', NULL),
(179, 'DIP IC Socket (28-pin, Narrow)', 'A 28-pin IC socket.', 'A socket for DIP-28 microcontrollers.', 'Used for ATmega328P chips.', 5, 'https://placehold.co/300x300/EEE/333?text=DIP28+Socket', NULL),
(180, 'Molex Automotive Connector (4-pin)', 'A 4-pin waterproof connector set.', 'A sealed connector for automotive use.', 'Used for robust, vibration-proof connections in vehicles.', 5, 'https://placehold.co/300x300/EEE/333?text=Auto+4-pin', NULL),
(181, 'LC Fiber Optic Connector', 'A single-mode LC fiber connector.', 'A small, high-density fiber optic connector.', 'Used for high-speed data networking.', 5, 'https://placehold.co/300x300/EEE/333?text=LC+Fiber', NULL),
(182, 'FFC/FPC ZIF Connector (24-pin)', 'A 0.5mm 24-pin ZIF socket.', 'A "Zero Insertion Force" connector.', 'Used for connecting flat flexible cables (like on Pi cameras).', 5, 'https://placehold.co/300x300/EEE/333?text=FFC+Socket', NULL),
(183, '3.5mm Headphone Jack (PCB)', 'A 3-pin 3.5mm audio jack.', 'A stereo PCB-mount socket.', 'Used for audio output on projects.', 5, 'https://placehold.co/300x300/EEE/333?text=3.5mm+Jack', NULL),
(184, 'RCA Jack (Panel Mount, Red)', 'A red RCA phono jack.', 'A panel-mount connector for analog audio/video.', 'Used for composite video or one audio channel.', 5, 'https://placehold.co/300x300/EEE/333?text=RCA+Jack', NULL),
(185, 'USB Type-C Breakout Board', 'A USB-C female breakout.', 'A small PCB for accessing USB-C pins.', 'Used for adding a modern USB-C power port to a project.', 5, 'https://placehold.co/300x300/EEE/333?text=USB-C+BOB', NULL),
(186, 'MC4 Solar Connector (Pair)', 'A pair of solar panel connectors.', 'Waterproof connectors for solar panels.', 'The standard connector for connecting photovoltaic panels.', 5, 'https://placehold.co/300x300/EEE/333?text=MC4', NULL),
(187, '12V 5A AC/DC Power Supply', 'A 12V 60W "brick" power supply.', 'An enclosed switching power supply.', 'Used to power projects like LED strips or small amplifiers.', 11, 'https://placehold.co/300x300/EEE/333?text=12V+5A+PSU', NULL),
(188, '5V 2A USB Power Adapter', 'A 5V 10W USB wall charger.', 'A standard USB power adapter.', 'Used to power Arduinos, Raspberry Pis, and other 5V projects.', 11, 'https://placehold.co/300x300/EEE/333?text=5V+USB+Adapter', NULL),
(189, 'AA Battery Holder (4x)', 'A holder for 4 AA batteries.', 'A battery holder with wire leads.', 'Provides 6V (with alkaline) or 4.8V (with NiMH) to a project.', 11, 'https://placehold.co/300x300/EEE/333?text=4xAA+Holder', NULL),
(190, 'CR2032 Coin Cell Battery', 'A 3V lithium coin cell.', 'A small, flat 3V battery.', 'Used for powering RTC modules or very low-power projects.', 11, 'https://placehold.co/300x300/EEE/333?text=CR2032', NULL),
(191, 'CR2032 Coin Cell Holder (PCB)', 'A holder for a CR2032 battery.', 'A PCB-mount coin cell socket.', 'Used for adding a backup battery to a PCB.', 11, 'https://placehold.co/300x300/EEE/333?text=CR2032+Holder', NULL),
(192, '18650 Li-Ion Battery', 'A 3.7V 2200mAh 18650 cell.', 'A high-capacity rechargeable lithium cell.', 'The standard battery for laptops, power banks, and high-power projects.', 11, 'https://placehold.co/300x300/EEE/333?text=18650+Cell', NULL),
(193, '18650 Battery Holder (1x)', 'A holder for one 18650 cell.', 'A PCB-mount or wire-lead holder.', 'Used to safely connect an 18650 battery to a project.', 11, 'https://placehold.co/300x300/EEE/333?text=18650+Holder', NULL),
(194, 'UPS 650VA', 'A 650VA Uninterruptible Power Supply.', 'A battery backup for small electronics.', 'Keeps a computer or router running during a short power outage.', 11, 'https://placehold.co/300x300/EEE/333?text=UPS+650VA', NULL),
(195, 'DC to AC Inverter (12V 500W)', 'A 500W power inverter.', 'Converts 12V DC (from a car) to 220V AC.', 'Used for powering AC appliances from a battery.', 11, 'https://placehold.co/300x300/EEE/333?text=500W+Inverter', NULL),
(196, 'RG58 Coaxial Cable (1m)', '1 meter of 50-ohm RG58 coax.', 'Bulk coaxial cable.', 'Used for making custom RF antenna cables.', 12, 'https://placehold.co/300x300/EEE/333?text=RG58+Coax', NULL),
(197, 'SMA Male to SMA Male Cable (1m)', 'A 1-meter SMA patch cable.', 'An RF cable assembly.', 'Connects an antenna to a device with an SMA jack.', 12, 'https://placehold.co/300x300/EEE/333?text=SMA+Cable', NULL),
(198, 'BNC Male to BNC Male Cable (1m)', 'A 1-meter BNC patch cable.', 'A coaxial cable for test equipment.', 'Used to connect an oscilloscope probe to a function generator.', 12, 'https://placehold.co/300x300/EEE/333?text=BNC+Cable', NULL),
(199, 'Heat Shrink Tubing Kit', 'A box of assorted heat shrink.', 'Various sizes and colors of tubing.', 'Used to insulate and protect solder joints.', 12, 'https://placehold.co/300x300/EEE/333?text=Heat+Shrink', NULL),
(200, 'Braided Cable Sleeving (10m)', '10 meters of 1/4" expandable sleeving.', 'A "snakeskin"-style wire management.', 'Used to bundle cables together neatly.', 12, 'https://placehold.co/300x300/EEE/333?text=Sleeving', NULL),
(201, 'Velcro Cable Ties (10-pack)', 'A 10-pack of reusable cable ties.', 'Hook-and-loop cable management.', 'Used for organizing computer or project wires.', 12, 'https://placehold.co/300x300/EEE/333?text=Velcro+Ties', NULL),
(202, 'Cat6 Ethernet Cable (3m)', 'A 3-meter Cat6 patch cable.', 'A standard network cable.', 'Connects a computer or device to a network switch or router.', 12, 'https://placehold.co/300x300/EEE/333?text=Cat6+3m', NULL),
(203, 'Cat6 Ethernet Cable (10m)', 'A 10-meter Cat6 patch cable.', 'A standard network cable.', 'A longer cable for network connections.', 12, 'https://placehold.co/300x300/EEE/333?text=Cat6+10m', NULL),
(204, 'LC to LC Fiber Optic Patch Cable', 'A 1m duplex fiber optic cable.', 'A single-mode fiber patch cord.', 'Used for high-speed fiber optic data connections.', 12, 'https://placehold.co/300x300/EEE/333?text=Fiber+Cable', NULL),
(205, '4-Conductor Security Cable (1m)', '1 meter of 22 AWG 4-conductor cable.', 'Bulk unshielded cable.', 'Used for alarm systems, sensors, or other low-voltage wiring.', 12, 'https://placehold.co/300x300/EEE/333?text=4-Conductor', NULL),
(206, '18 AWG Speaker Wire (1m)', '1 meter of 18 AWG 2-conductor wire.', 'Bulk stranded wire.', 'Used for connecting speakers to an amplifier.', 12, 'https://placehold.co/300x300/EEE/333?text=Speaker+Wire', NULL),
(207, '22 AWG Solid Core Wire Kit', 'A box of 6 colors of 22 AWG wire.', 'Solid core hook-up wire.', 'A kit with multiple colors for easy breadboarding.', 12, 'https://placehold.co/300x300/EEE/333?text=Wire+Kit', NULL),
(208, '24 AWG Stranded Wire (Red, 1m)', '1 meter of 24 AWG stranded red wire.', 'Flexible hook-up wire.', 'Used for connections that need to bend and flex.', 12, 'https://placehold.co/300x300/EEE/333?text=24AWG+Stranded', NULL),
(209, '10-Wire Rainbow Ribbon Cable (1m)', '1 meter of 10-wire ribbon cable.', '2.54mm pitch flat cable.', 'Used for making custom JTAG or IDC connectors.', 12, 'https://placehold.co/300x300/EEE/333?text=Ribbon+Cable', NULL),
(210, '40-Wire Rainbow Ribbon Cable (1m)', '1 meter of 40-wire ribbon cable.', '2.54mm pitch flat cable.', 'Used for Raspberry Pi GPIO extensions.', 12, 'https://placehold.co/300x300/EEE/333?text=40-Pin+Ribbon', NULL),
(211, '3.5mm Stereo Audio Cable (1m)', 'A 1-meter male-to-male audio cable.', 'An aux cord.', 'Connects a phone or computer to a speaker or mixer.', 12, 'https://placehold.co/300x300/EEE/333?text=3.5mm+Cable', NULL),
(212, 'RCA Male to Male Cable (1.5m)', 'A 1.5-meter RCA patch cable.', 'An analog audio/video cable.', 'Used for composite video or stereo audio.', 12, 'https://placehold.co/300x300/EEE/333?text=RCA+Cable', NULL),
(213, 'FFC/FPC Ribbon Cable (24-pin, 20cm)', 'A 24-pin 0.5mm pitch flat cable.', 'A flexible ribbon cable.', 'Used with ZIF connectors for displays or cameras.', 12, 'https://placehold.co/300x300/EEE/333?text=FFC+24-pin', NULL),
(214, 'USB-A to USB-C Cable (1m)', 'A 1-meter USB 2.0 A-to-C cable.', 'A standard USB-C charging/data cable.', 'Connects USB-C devices to standard USB-A ports.', 12, 'https://placehold.co/300x300/EEE/333?text=USB-C+Cable', NULL),
(215, 'USB-A to Micro-USB Cable (1m)', 'A 1-meter USB A-to-Micro cable.', 'A common cable for older devices.', 'Used to power/program ESP32, ESP8266, and older phones.', 12, 'https://placehold.co/300x300/EEE/333?text=Micro+USB', NULL),
(216, 'USB-A to USB-B Cable (1m)', 'A 1-meter USB A-to-B cable.', 'A "printer" cable.', 'Used to program Arduino UNO, Mega, and printers.', 12, 'https://placehold.co/300x300/EEE/333?text=USB-B+Cable', NULL),
(217, 'DB9 Male to Female Serial Cable', 'A 1.8-meter RS232 serial cable.', 'A standard serial extension cable.', 'Used to connect to serial devices or configure network switches.', 12, 'https://placehold.co/300x300/EEE/333?text=DB9+Cable', NULL),
(218, 'Jumper Wires (F-F)', 'A 40-pack of female-to-female jumper wires.', 'Wires for breadboarding.', 'Used to connect header pins to other header pins.', 6, 'https://placehold.co/300x300/EEE/333?text=F-F+Jumpers', NULL),
(219, 'Jumper Wires (M-F)', 'A 40-pack of male-to-female jumper wires.', 'Wires for breadboarding.', 'Used to connect breadboard to header pins (like on Arduino).', 6, 'https://placehold.co/300x300/EEE/333?text=M-F+Jumpers', NULL),
(220, 'M3 Standoff Kit (Nylon)', 'An assortment of M3 nylon standoffs.', 'A kit of screws, nuts, and standoffs.', 'Used for mounting PCBs in enclosures.', 7, 'https://placehold.co/300x300/EEE/333?text=Standoff+Kit', NULL),
(221, 'M2.5 Screw Kit (RPi)', 'An assortment of M2.5 screws.', 'A kit of screws and nuts for Raspberry Pi.', 'Used for mounting Raspberry Pi boards.', 7, 'https://placehold.co/300x300/EEE/333?text=M2.5+Kit', NULL),
(222, 'Precision Screwdriver Set', 'A 32-piece precision screwdriver set.', 'A set of small bits for electronics.', 'Used for opening laptops, phones, and small devices.', 7, 'https://placehold.co/300x300/EEE/333?text=Precise+Set', NULL),
(223, 'Wire Stripper (Automatic)', 'An automatic wire stripping tool.', 'A tool for removing wire insulation.', 'Strips wires quickly and consistently without nicking the core.', 7, 'https://placehold.co/300x300/EEE/333?text=Auto+Stripper', NULL),
(224, 'Flush Cutters (Pliers)', 'A small pair of diagonal cutters.', 'A tool for cutting component leads.', 'Cuts component legs flush with the PCB.', 7, 'https://placehold.co/300x300/EEE/333?text=Flush+Cutters', NULL),
(225, 'Needle-Nose Pliers', 'A small pair of needle-nose pliers.', 'A tool for grabbing and bending.', 'Used for bending component leads and holding small parts.', 7, 'https://placehold.co/300x300/EEE/333?text=Pliers', NULL),
(226, 'ESD-Safe Tweezers (Kit)', 'A set of anti-static tweezers.', 'A kit of various-shaped tweezers.', 'Used for handling small SMD components and delicate parts.', 7, 'https://placehold.co/300x300/EEE/333?text=Tweezers', NULL),
(227, 'Project Enclosure (100x60x25mm)', 'A small black plastic box.', 'A "hobby box" for projects.', 'Used to house a finished electronics project.', 7, 'https://placehold.co/300x300/EEE/333?text=Project+Box', NULL),
(228, 'Waterproof Enclosure (IP65)', 'A grey, waterproof project box.', 'A sealed enclosure with a gasket.', 'Used for projects that will be placed outdoors.', 7, 'https://placehold.co/300x300/EEE/333?text=IP65+Box', NULL),
(229, 'Dupont Crimping Tool', 'A crimper for Dupont connectors.', 'A tool for JST-XH and 2.54mm pins.', 'Used to make custom jumper wires and connectors.', 7, 'https://placehold.co/300x300/EEE/333?text=Dupont+Crimper', NULL),
(230, 'RJ45 Crimping Tool', 'A crimper for Ethernet plugs.', 'A tool for RJ45 and RJ11 connectors.', 'Used to make custom-length Ethernet cables.', 7, 'https://placehold.co/300x300/EEE/333?text=RJ45+Crimper', NULL),
(231, 'Soldering Iron Stand', 'A stand for a soldering iron.', 'A metal spring holder with a sponge.', 'Safely holds a hot soldering iron.', 7, 'https://placehold.co/300x300/EEE/333?text=Iron+Stand', NULL),
(232, 'Solder Sucker (Desoldering Pump)', 'A manual vacuum desoldering tool.', 'A spring-loaded pump.', 'Used to remove molten solder from a PCB.', 7, 'https://placehold.co/300x300/EEE/333?text=Solder+Sucker', NULL),
(233, 'Solder Wick (Desoldering Braid)', 'A 1.5m roll of solder wick.', 'Copper braid for desoldering.', 'Used to "soak up" excess solder, especially from SMD pads.', 7, 'https://placehold.co/300x300/EEE/333?text=Solder+Wick', NULL),
(234, 'Liquid Flux Pen', 'A no-clean flux pen.', 'Liquid flux for soldering.', 'Helps solder flow cleanly, especially for SMD work.', 7, 'https://placehold.co/300x300/EEE/333?text=Flux+Pen', NULL),
(235, '858D Hot Air Rework Station', 'A temperature-controlled hot air gun.', 'A tool for SMD soldering.', 'Used to solder and desolder surface-mount components.', 7, 'https://placehold.co/300x300/EEE/333?text=Hot+Air', NULL),
(236, 'Isopropyl Alcohol (99%)', 'A 250ml bottle of 99% IPA.', 'A cleaning solvent.', 'Used for cleaning flux residue off PCBs.', 7, 'https://placehold.co/300x300/EEE/333?text=IPA+99', NULL),
(237, 'Copper Clad PCB (Single-Sided)', 'A 10x15cm single-sided copper board.', 'A raw material for PCBs.', 'Used for etching your own custom circuit boards.', 7, 'https://placehold.co/300x300/EEE/333?text=Copper+PCB', NULL),
(238, 'Perfboard (Stripboard)', 'A 5x7cm stripboard.', 'A prototyping board with copper strips.', 'A more permanent way to build a circuit than breadboard.', 7, 'https://placehold.co/300x300/EEE/333?text=Stripboard', NULL),
(239, 'Perfboard (Pad-per-hole)', 'A 5x7cm pad-per-hole board.', 'A prototyping board with individual pads.', 'A more permanent way to build a circuit than breadboard.', 7, 'https://placehold.co/300x300/EEE/333?text=Perfboard', NULL),
(240, 'Component Storage Box', 'A plastic organizer box.', 'A box with 15 adjustable dividers.', 'Used for storing resistors, capacitors, and other small parts.', 7, 'https://placehold.co/300x300/EEE/333?text=Storage+Box', NULL),
(241, 'SMD Component Storage Book', 'A "book" for 0805 components.', 'A binder with small, labeled pockets.', 'Used for organizing tiny surface-mount resistors/capacitors.', 7, 'https://placehold.co/300x300/EEE/333?text=SMD+Book', NULL),
(242, 'Anti-Static Mat', 'A 30x50cm ESD-safe work mat.', 'A mat for working with sensitive electronics.', 'Prevents electrostatic discharge from damaging components.', 7, 'https://placehold.co/300x300/EEE/333?text=ESD+Mat', NULL),
(243, 'Anti-Static Wrist Strap', 'An ESD wrist strap.', 'A strap that connects you to ground.', 'Prevents your body from building up static electricity.', 7, 'https://placehold.co/300x300/EEE/333?text=ESD+Strap', NULL),
(244, 'Mini Breadboard (170-point)', 'A small, 170-point breadboard.', 'A tiny prototyping board.', 'Used for very small circuits or adding a sub-circuit.', 7, 'https://placehold.co/300x300/EEE/333?text=Mini+BB', NULL),
(245, '400-Point Breadboard', 'A half-size breadboard.', 'A 400-tie-point prototyping board.', 'A common size, often sold with Arduinos.', 7, 'https://placehold.co/300x300/EEE/333?text=400pt+BB', NULL),
(246, 'LED Headlamp', 'A wearable flashlight.', 'A bright LED light on a headband.', 'Used for hands-free illumination while working.', 7, 'https://placehold.co/300x300/EEE/333?text=Headlamp', NULL),
(247, 'Helping Hands w/ Magnifier', 'A soldering aid tool.', 'A stand with alligator clips and a magnifying glass.', 'Holds a PCB steady while you solder.', 7, 'https://placehold.co/300x300/EEE/333?text=Helping+Hands', NULL),
(248, 'Brass Standoff Kit (M3)', 'An assortment of M3 brass standoffs.', 'A kit of screws, nuts, and standoffs.', 'Used for mounting PCBs in metal enclosures.', 13, 'https://placehold.co/300x300/EEE/333?text=Brass+Standoff', NULL),
(249, 'Digital Caliper', 'A 150mm digital caliper.', 'A precision measuring tool.', 'Measures length, diameter, and depth with high accuracy.', 13, 'https://placehold.co/300x300/EEE/333?text=Caliper', NULL),
(250, '3mm Acrylic Sheet (A4)', 'An A4-size sheet of 3mm acrylic.', 'A raw material for enclosures.', 'Used for laser cutting or building custom project cases.', 13, 'https://placehold.co/300x300/EEE/333?text=Acrylic', NULL),
(251, 'Kapt_n Tape (10mm)', 'A 10mm roll of high-temp tape.', 'A polyimide film tape.', 'Used for 3D printer beds or masking PCBs during soldering.', 13, 'https://placehold.co/300x300/EEE/333?text=Kapton+Tape', NULL),
(252, '10 Ohm Resistor (E12)', 'Standard 10 ohm 1/4W resistor.', 'A common resistor value.', 'Used for current limiting, pull-ups, pull-downs.', 3, 'https://placehold.co/300x300/EEE/333?text=10R', NULL),
(253, '220 Ohm Resistor (E12)', 'Standard 220 ohm 1/4W resistor.', 'A common resistor value.', 'The classic resistor for 5V red/green LEDs.', 3, 'https://placehold.co/300x300/EEE/333?text=220R', NULL),
(254, '4.7k Ohm Resistor (E12)', 'Standard 4.7k ohm 1/4W resistor.', 'A common resistor value.', 'Often used for pull-up resistors in I2C communication.', 3, 'https://placehold.co/300x300/EEE/333?text=4.7k', NULL),
(255, '1M Ohm Resistor (E12)', 'Standard 1M ohm 1/4W resistor.', 'A common resistor value.', 'Used in high-impedance dividers or slow timing circuits.', 3, 'https://placehold.co/300x300/EEE/333?text=1M', NULL),
(256, '1nF Ceramic Capacitor (E12)', 'Standard 1000pF / 0.001uF capacitor.', 'A common capacitor value.', 'Used for filtering or in timing circuits.', 3, 'https://placehold.co/300x300/EEE/333?text=1nF', NULL),
(257, '22pF Ceramic Capacitor (E12)', 'Standard 22 picofarad capacitor.', 'A common capacitor value.', 'Used as loading capacitors for crystals (like 16MHz).', 3, 'https://placehold.co/300x300/EEE/333?text=22pF', NULL),
(258, '1uF Ceramic Capacitor (E12)', 'Standard 1 microfarad ceramic capacitor.', 'A common capacitor value.', 'Used for local power supply decoupling.', 3, 'https://placehold.co/300x300/EEE/333?text=1uF', NULL),
(259, '1uF Electrolytic Capacitor', 'Standard 1 microfarad electrolytic capacitor.', 'A common capacitor value.', 'Used for coupling or in timing circuits.', 3, 'https://placehold.co/300x300/EEE/333?text=1uF+Elec', NULL),
(260, '47uF Electrolytic Capacitor', 'Standard 47 microfarad electrolytic capacitor.', 'A common capacitor value.', 'Used for power supply filtering.', 3, 'https://placehold.co/300x300/EEE/333?text=47uF', NULL),
(261, '100uF Electrolytic Capacitor', 'Standard 100 microfarad electrolytic capacitor.', 'A common capacitor value.', 'Used for bulk power supply filtering.', 3, 'https://placehold.co/300x300/EEE/333?text=100uF', NULL),
(262, '470uF Electrolytic Capacitor', 'Standard 470 microfarad electrolytic capacitor.', 'A common capacitor value.', 'Used for bulk power supply filtering.', 3, 'https://placehold.co/300x300/EEE/333?text=470uF', NULL),
(263, '1000uF Capacitor (E12)', 'Standard 1000 microfarad electrolytic capacitor.', 'A common capacitor value.', 'Used for power supply filtering and smoothing.', 3, 'https://placehold.co/300x300/EEE/333?text=1000uF', NULL),
(264, '32.768kHz Crystal', 'A "watch" crystal.', 'A low-frequency crystal.', 'Used with Real-Time Clock (RTC) ICs to keep time.', 3, 'https://placehold.co/300x300/EEE/333?text=32.768kHz', NULL),
(265, '8MHz Crystal Oscillator', 'An 8MHz clock crystal.', 'A standard 8.000 MHz crystal.', 'Used as a clock source for microcontrollers.', 3, 'https://placehold.co/300x300/EEE/333?text=8MHz+Crystal', NULL),
(266, '1MHz Ceramic Resonator', 'A 1MHz 3-pin resonator.', 'A low-cost alternative to a crystal.', 'Used for non-critical timing in microcontrollers.', 3, 'https://placehold.co/300x300/EEE/333?text=1MHz+Resonator', NULL),
(267, '10uH SMD Inductor (0805)', 'A 10 micro-Henry SMD inductor.', 'A small surface-mount inductor.', 'Used in RF circuits or small power converters.', 3, 'https://placehold.co/300x300/EEE/333?text=10uH+SMD', NULL),
(268, '1mH Axial Inductor', 'A 1 milli-Henry axial inductor.', 'A through-hole, resistor-style inductor.', 'Used for filtering in power or audio circuits.', 3, 'https://placehold.co/300x300/EEE/333?text=1mH+Inductor', NULL),
(269, '1A Power Inductor (Toroid)', 'A 1A 100uH toroidal inductor.', 'A "donut" inductor for power.', 'Used in switching power supplies, very efficient.', 3, 'https://placehold.co/300x300/EEE/333?text=Toroid', NULL),
(270, '120V to 12V 1A Transformer', 'A 12VA step-down transformer.', 'A chassis-mount "iron core" transformer.', 'Converts 120V/220V AC to 12V AC for linear power supplies.', 3, 'https://placehold.co/300x300/EEE/333?text=12V+Xformer', NULL),
(271, '600:600 Ohm Audio Transformer', 'A 1:1 audio isolation transformer.', 'A small transformer for audio signals.', 'Used to isolate audio lines and break ground loops.', 3, 'https://placehold.co/300x300/EEE/333?text=Audio+Xformer', NULL),
(272, 'Ferrite Bead (Snap-on)', 'A snap-on ferrite core.', 'A clip-on EMI suppressor.', 'Used to reduce RFI noise on cables (like USB or power).', 3, 'https://placehold.co/300x300/EEE/333?text=Ferrite+Bead', NULL),
(273, 'Ferrite Core (Ring)', 'A plain toroidal ferrite core.', 'A raw ferrite material ring.', 'Used for winding custom inductors or transformers.', 3, 'https://placehold.co/300x300/EEE/333?text=Ferrite+Ring', NULL),
(274, 'Common Mode Choke (1A)', 'A dual-line common mode choke.', 'A 4-pin filter component.', 'Used on power lines to filter out "common mode" noise.', 3, 'https://placehold.co/300x300/EEE/333?text=CM+Choke', NULL),
(275, 'AC Power Line Filter (10A)', 'An IEC socket with a filter.', 'An inlet module with fuse, switch, and filter.', 'Used as the main power entry point for a project, cleans AC power.', 3, 'https://placehold.co/300x300/EEE/333?text=AC+Filter', NULL),
(276, '0.1uF X2 Safety Capacitor', 'A 0.1uF 275VAC safety cap.', 'A capacitor for AC line filtering.', 'Designed to be safely connected across the AC line.', 3, 'https://placehold.co/300x300/EEE/333?text=X2+Cap', NULL),
(277, '1000pF Y2 Safety Capacitor', 'A 1000pF 250VAC safety cap.', 'A capacitor for AC line filtering.', 'Designed to be safely connected from AC line to ground.', 3, 'https://placehold.co/300x300/EEE/333?text=Y2+Cap', NULL),
(278, 'SAW Filter (433MHz)', 'A 433MHz Surface Acoustic Wave filter.', 'A small RF filter component.', 'Used to filter 433MHz radio signals for better reception.', 3, 'https://placehold.co/300x300/EEE/333?text=SAW+Filter', NULL),
(279, 'LC Pi Filter Board', 'A PCB for building a power filter.', 'A small bare PCB for a Pi-section (CLC or LCL) filter.', 'Used for building custom filters for DC power supplies.', 3, 'https://placehold.co/300x300/EEE/333?text=LC+Filter+PCB', NULL),
(280, '1N4148 Signal Diode', 'A tiny, fast-switching glass diode.', 'A high-speed signal diode.', 'Used for general-purpose, high-speed switching and logic.', 2, 'https://placehold.co/300x300/EEE/333?text=1N4148', NULL),
(281, '1N5819 Schottky Diode', 'A fast diode with a low voltage drop.', 'A 1A 40V Schottky barrier rectifier.', 'Used in switching power supplies and to prevent reverse voltage.', 2, 'https://placehold.co/300x300/EEE/333?text=1N5819', NULL),
(282, '1N4733A 5.1V Zener Diode', 'A diode that maintains a stable 5.1V.', 'A 5.1V 1W Zener diode.', 'Used for creating simple voltage references and regulators.', 2, 'https://placehold.co/300x300/EEE/333?text=5.1V+Zener', NULL),
(283, 'DB107 Bridge Rectifier', 'Converts AC to DC (full wave).', 'A 1A 1000V full-wave bridge rectifier.', 'A compact component containing 4 diodes for AC-DC conversion.', 2, 'https://placehold.co/300x300/EEE/333?text=DB107', NULL),
(284, 'BC557 PNP Transistor', 'The "opposite" of a BC547.', 'A general-purpose PNP BJT transistor.', 'Used as a switch (high-side) or amplifier, complement to NPN.', 2, 'https://placehold.co/300x300/EEE/333?text=BC557', NULL),
(285, 'TIP120 NPN Darlington', 'A high-power NPN transistor.', 'An NPN Darlington transistor, 5A 60V.', 'Used for switching high-current DC loads like motors or LED strips.', 2, 'https://placehold.co/300x300/EEE/333?text=TIP120', NULL),
(286, 'BD139 NPN Power Transistor', 'A medium-power NPN transistor.', 'An NPN transistor (1.5A, 80V) in a TO-126 package.', 'Used for audio amplifiers and medium-power switching.', 2, 'https://placehold.co/300x300/EEE/333?text=BD139', NULL),
(287, 'IRLZ44N Logic Level MOSFET', 'A powerful switch for Arduinos.', 'An N-Channel Logic-Level MOSFET (47A, 55V).', 'Can be fully turned on by a 5V signal from a microcontroller.', 2, 'https://placehold.co/300x300/EEE/333?text=IRLZ44N', NULL),
(288, 'IRF9540 P-Channel MOSFET', 'A high-power P-Channel switch.', 'A P-Channel MOSFET (-23A, -100V).', 'Used for high-side switching of DC loads.', 2, 'https://placehold.co/300x300/EEE/333?text=IRF9540', NULL),
(289, 'BT151 SCR', 'A high-power "latching" switch.', 'A 12A 650V Silicon-Controlled Rectifier (SCR).', 'Used in high-power switching, charger circuits, and motor control.', 2, 'https://placehold.co/300x300/EEE/333?text=BT151', NULL),
(290, 'BT136 TRIAC', 'A switch for AC power.', 'A 4A 600V TRIAC (logic level).', 'Used for dimming AC lights and controlling AC motor speed.', 2, 'https://placehold.co/300x300/EEE/333?text=BT136', NULL),
(291, 'DB3 DIAC', 'A "trigger" for a TRIAC.', 'A bi-directional trigger diode (DIAC).', 'Used in dimmer and motor control circuits to trigger the TRIAC.', 2, 'https://placehold.co/300x300/EEE/333?text=DB3+DIAC', NULL),
(292, 'BMP180 Barometric Sensor', 'A sensor for air pressure and temperature.', 'A digital pressure sensor (replaces BMP085).', 'Used for weather prediction or as an altimeter.', 8, 'https://placehold.co/300x300/EEE/333?text=BMP180', NULL),
(293, 'IR Obstacle Avoidance Sensor', 'A sensor that detects objects in front of it.', 'An active infrared sensor module with adjustable range.', 'Used in robotics for simple, non-contact obstacle detection.', 8, 'https://placehold.co/300x300/EEE/333?text=IR+Obstacle', NULL),
(294, 'LJ12A3-4-Z/BX Inductive Proximity', 'A sensor that detects metal without touching it.', 'An NPN inductive proximity sensor with 4mm range.', 'Used in 3D printers for auto bed leveling.', 8, 'https://placehold.co/300x300/EEE/333?text=Inductive+Prox', NULL),
(295, 'DHT22 Temp/Humidity Sensor', 'A high-precision temperature and humidity sensor.', 'A digital sensor (AM2302), more accurate than DHT11.', 'Used for projects requiring accurate environmental data.', 8, 'https://placehold.co/300x300/EEE/333?text=DHT22', NULL),
(296, 'SHT31-D Temp/Humidity Sensor', 'A very high-precision, I2C temperature/humidity sensor.', 'A high-accuracy I2C sensor from Sensirion.', 'Used for lab-grade or high-reliability data logging.', 8, 'https://placehold.co/300x300/EEE/333?text=SHT31', NULL),
(297, 'A3144 Hall Effect Sensor', 'A sensor that detects magnetic fields.', 'A digital-output unipolar Hall effect switch.', 'Used for sensing magnets, creating non-contact switches.', 8, 'https://placehold.co/300x300/EEE/333?text=A3144', NULL),
(298, 'Reed Switch Module', 'A switch that is activated by a magnet.', 'A glass reed switch on a small breakout board.', 'Used for creating door/window open/close sensors.', 8, 'https://placehold.co/300x300/EEE/333?text=Reed+Switch', NULL),
(299, 'ADXL345 3-Axis Accelerometer', 'A sensor that measures acceleration and tilt.', 'A 3-axis I2C/SPI digital accelerometer.', 'Used for motion detection, tilt sensing, and tap detection.', 8, 'https://placehold.co/300x300/EEE/333?text=ADXL345', NULL),
(300, 'MQ-3 Alcohol Sensor Module', 'A sensor that detects alcohol gas.', 'A semiconductor sensor for detecting ethanol.', 'Used for making breathalyzer-style projects.', 8, 'https://placehold.co/300x300/EEE/333?text=MQ-3', NULL),
(301, 'MQ-135 Air Quality Sensor', 'A sensor for detecting various gases.', 'A semiconductor sensor for NH3, NOx, alcohol, CO2, etc.', 'Used for general-purpose air quality monitoring.', 8, 'https://placehold.co/300x300/EEE/333?text=MQ-135', NULL),
(302, 'Flex Sensor 2.2"', 'A sensor that changes resistance when bent.', 'A 2.2-inch flexible resistor.', 'Used in robotics or wearables to detect bending or position.', 8, 'https://placehold.co/300x300/EEE/333?text=Flex+Sensor', NULL),
(303, 'ACS712 5A Current Sensor Module', 'A sensor that measures AC or DC current.', 'A Hall effect-based current sensor module.', 'Used to measure how much current a device is using.', 8, 'https://placehold.co/300x300/EEE/333?text=ACS712+5A', NULL),
(304, 'YF-S201 Water Flow Sensor', 'A sensor that measures water flow rate.', 'A Hall effect-based flow sensor (1-30 L/min).', 'Used for measuring water consumption or in automated systems.', 8, 'https://placehold.co/300x300/EEE/333?text=Water+Flow', NULL),
(305, 'Phototransistor 5mm', 'A sensor that detects light.', 'A 5mm NPN phototransistor.', 'Used for detecting light, similar to an LDR but faster.', 8, 'https://placehold.co/300x300/EEE/333?text=Phototransistor', NULL),
(306, 'DSO138 Digital Oscilloscope Kit', 'A basic digital storage oscilloscope kit.', 'A 200kHz, 1Msps DIY oscilloscope.', 'Used for visualizing changing voltages and signals over time.', 6, 'https://placehold.co/300x300/EEE/333?text=DSO138+Scope', NULL),
(307, 'Adjustable DC Bench Power Supply', 'A 30V 5A lab power supply.', 'A variable power supply with current limiting.', 'An essential tool for safely powering and testing circuits.', 6, 'https://placehold.co/300x300/EEE/333?text=Bench+PSU', NULL),
(308, 'USB Logic Analyzer (8-Channel)', 'An 8-channel, 24MHz logic analyzer.', 'A tool for capturing and decoding digital signals.', 'Used for debugging I2C, SPI, and other digital protocols.', 6, 'https://placehold.co/300x300/EEE/333?text=Logic+Analyzer', NULL),
(309, 'LCR-T4 Component Tester', 'An all-in-one component tester.', 'A "transistor tester" that identifies components.', 'Automatically detects and measures resistors, caps, transistors, etc.', 6, 'https://placehold.co/300x300/EEE/333?text=LCR+Tester', NULL),
(310, 'Oscilloscope Probe (100MHz)', 'A 100MHz scope probe (P6100).', 'A x1/x10 switchable probe.', 'Connects an oscilloscope to the circuit under test.', 6, 'https://placehold.co/300x300/EEE/333?text=Scope+Probe', NULL),
(311, 'PLA 3D Printer Filament (1kg)', 'A 1kg spool of 1.75mm PLA filament.', 'A common 3D printing material.', 'Used in FDM 3D printers to create parts.', 13, 'https://placehold.co/300x300/EEE/333?text=PLA+Filament', NULL),
(312, 'PETG 3D Printer Filament (1kg)', 'A 1kg spool of 1.75mm PETG filament.', 'A durable 3D printing material.', 'Stronger and more heat-resistant than PLA.', 13, 'https://placehold.co/300x300/EEE/333?text=PETG+Filament', NULL),
(313, '3D Printer Nozzle (0.4mm)', 'A 0.4mm brass nozzle for E3D V6.', 'The "hot end" tip of a 3D printer.', 'A standard replacement part for 3D printers.', 13, 'https://placehold.co/300x300/EEE/333?text=0.4mm+Nozzle', NULL),
(314, 'CNC Engraving Bit (30-deg V)', 'A 30-degree V-groove CNC bit.', 'A router bit for engraving.', 'Used for fine details and text in wood or plastic.', 13, 'https://placehold.co/300x300/EEE/333?text=V-Bit', NULL),
(315, 'CNC End Mill (1/8" 2-flute)', 'A 1/8-inch flat end mill.', 'A router bit for cutting.', 'Used for cutting out shapes on a CNC machine.', 13, 'https://placehold.co/300x300/EEE/333?text=End+Mill', NULL),
(316, 'ESP32-CAM Module', 'An ESP32 with a camera.', 'An ESP32 module with an OV2640 camera.', 'A low-cost way to make a WiFi-connected camera.', 1, 'https://placehold.co/300x300/EEE/333?text=ESP32-CAM', NULL),
(317, 'HC-05 Bluetooth Module', 'A Bluetooth 2.0 SPP module.', 'A serial-to-Bluetooth bridge.', 'Used to add classic Bluetooth connectivity to Arduino.', 1, 'https://placehold.co/300x300/EEE/333?text=HC-05', NULL),
(318, 'HM-10 Bluetooth Module (BLE)', 'A Bluetooth 4.0 BLE module.', 'A serial-to-BLE bridge.', 'Used to connect Arduino to modern smartphones (BLE).', 1, 'https://placehold.co/300x300/EEE/333?text=HM-10', NULL),
(319, 'LoRa Module (Ra-02 433MHz)', 'An SPI-based LoRa transceiver.', 'An AI-Thinker LoRa module (SX1278).', 'Used for long-range, low-power radio communication.', 1, 'https://placehold.co/300x300/EEE/333?text=LoRa+Ra-02', NULL),
(320, 'GPS Module (NEO-6M)', 'A u-blox NEO-6M GPS module.', 'A serial-based GPS receiver.', 'Used to get location (latitude/longitude) from satellites.', 8, 'https://placehold.co/300x300/EEE/333?text=NEO-6M+GPS', NULL),
(321, 'DIN Rail (10cm)', 'A 10cm strip of 35mm DIN rail.', 'A standard mounting rail.', 'Used for mounting industrial components like breakers and relays.', 14, 'https://placehold.co/300x300/EEE/333?text=DIN+Rail', NULL),
(322, 'DIN Rail Terminal Block', 'A single DIN rail terminal.', 'A screw terminal for DIN rails.', 'Used for organizing wiring in a control panel.', 14, 'https://placehold.co/300x300/EEE/333?text=DIN+Terminal', NULL),
(323, 'Industrial Contactor (12A)', 'A 3-pole, 24V coil contactor.', 'A heavy-duty relay.', 'Used for switching high-power 3-phase motors.', 14, 'https://placehold.co/300x300/EEE/333?text=Contactor', NULL),
(324, 'Thermal Overload Relay', 'A 5-8A thermal overload relay.', 'A motor protection device.', 'Attaches to a contactor to protect a motor from overcurrent.', 14, 'https://placehold.co/300x300/EEE/333?text=Overload+Relay', NULL),
(325, 'Panel Mount LED Indicator (Red)', 'A 22mm 12V red LED indicator.', 'A pilot light for control panels.', 'Used to show the status of a machine or process.', 14, 'https://placehold.co/300x300/EEE/333?text=Panel+LED', NULL),
(326, 'Selector Switch (3-Position)', 'A 22mm 3-position selector switch.', 'A "Hand-Off-Auto" panel switch.', 'Used for selecting the operating mode of a machine.', 14, 'https://placehold.co/300x300/EEE/333?text=Selector+Switch', NULL),
(327, 'Digital Microscope (USB)', 'A 1000x USB microscope.', 'A digital camera for inspection.', 'Used for inspecting SMD solder joints and PCBs.', 7, 'https://placehold.co/300x300/EEE/333?text=USB+Microscope', NULL),
(328, 'Solder Paste (Low Temp)', 'A 35g syringe of solder paste.', 'Solder in paste form for SMD.', 'Used with hot air or a reflow oven for SMD soldering.', 7, 'https://placehold.co/300x300/EEE/333?text=Solder+Paste', NULL),
(329, 'Fume Extractor Fan', 'A small fan with a carbon filter.', 'A desktop fan for soldering.', 'Pulls harmful solder fumes away from the user.', 7, 'https://placehold.co/300x300/EEE/333?text=Fume+Extractor', NULL),
(330, 'Benchtop Mat (Silicone)', 'A silicone soldering mat.', 'A heat-resistant work mat with part trays.', 'Protects the table from heat and helps organize parts.', 7, 'https://placehold.co/300x300/EEE/333?text=Silicone+Mat', NULL),
(331, '12V Linear Actuator (100mm)', 'A 100mm stroke 12V DC actuator.', 'A motor that creates linear (push/pull) motion.', 'Used for automated windows, robotics, and linear positioning.', 4, 'https://placehold.co/300x300/EEE/333?text=Linear+Actuator', NULL),
(332, '12V Peristaltic Pump', 'A pump for liquids.', 'A self-priming pump for dosing or moving fluids.', 'Used for automated liquid dispensers or aquariums.', 4, 'https://placehold.co/300x300/EEE/333?text=Peristaltic+Pump', NULL),
(333, 'Vibration Motor (Coin)', 'A tiny 3V vibration motor.', 'A flat motor used for haptic feedback.', 'Used in phones, controllers, or wearables to create vibrations.', 4, 'https://placehold.co/300x300/EEE/333?text=Vibe+Motor', NULL),
(334, '12V 80mm Cooling Fan', 'An 80mm 12V DC brushless fan.', 'A standard computer cooling fan.', 'Used for cooling project enclosures, 3D printers, or power supplies.', 4, 'https://placehold.co/300x300/EEE/333?text=80mm+Fan', NULL),
(335, 'Logo! 8 PLC Starter Kit', 'A Siemens Logo! 8 logic module.', 'A compact, entry-level Programmable Logic Controller.', 'Used for automating simple industrial tasks and machines.', 14, 'https://placehold.co/300x300/EEE/333?text=PLC+Logo', NULL),
(336, 'HMI Touch Panel (4.3")', 'A 4.3-inch HMI for PLCs.', 'A Human-Machine Interface resistive touchscreen.', 'Used as a graphical control panel for industrial machinery.', 14, 'https://placehold.co/300x300/EEE/333?text=HMI+Panel', NULL),
(337, 'REX-C100 PID Controller', 'A 1/16 DIN PID temperature controller.', 'A digital controller for regulating temperature.', 'Used with a thermocouple and SSR to control ovens or heaters.', 14, 'https://placehold.co/300x300/EEE/333?text=PID+Controller', NULL),
(338, 'Micro Limit Switch (Lever)', 'A small mechanical switch.', 'A snap-action switch with a roller lever.', 'Used for end-stops in 3D printers, CNCs, or as a sensor.', 14, 'https://placehold.co/300x300/EEE/333?text=Limit+Switch', NULL),
(339, '500W CNC Spindle Motor', 'A 500W air-cooled spindle motor.', 'A high-speed motor for CNC routing.', 'Used as the main cutting tool on a DIY CNC machine.', 13, 'https://placehold.co/300x300/EEE/333?text=CNC+Spindle', NULL),
(340, '2020 T-Slot Extrusion (1m)', 'A 1-meter length of 20x20mm aluminum.', 'A structural aluminum profile.', 'The standard "Lego" for building 3D printer and CNC frames.', 13, 'https://placehold.co/300x300/EEE/333?text=2020+Extrusion', NULL),
(341, 'SFU1605 Ball Screw (500mm)', 'A 500mm C7 ball screw.', 'A high-precision lead screw.', 'Used for high-accuracy linear motion in CNC machines.', 13, 'https://placehold.co/300x300/EEE/333?text=Ball+Screw', NULL),
(342, 'MGN12H Linear Rail (500mm)', 'A 500mm miniature linear rail.', 'A high-precision guide rail with bearing block.', 'Used for smooth, rigid linear motion in 3D printers/CNCs.', 13, 'https://placehold.co/300x300/EEE/333?text=Linear+Rail', NULL),
(343, 'Heat Gun (Variable Temp)', 'A 1800W hot air gun.', 'A tool for applying high heat.', 'Used for heat shrink, plastic welding, or paint stripping.', 7, 'https://placehold.co/300x300/EEE/333?text=Heat+Gun', NULL),
(344, 'Wire Ferrule Crimper Kit', 'A crimping tool with ferrules.', 'A kit for crimping bootlace ferrules on stranded wire.', 'Creates clean, secure connections for screw terminals.', 7, 'https://placehold.co/300x300/EEE/333?text=Ferrule+Kit', NULL),
(345, 'Digital Scale (200g x 0.01g)', 'A high-precision pocket scale.', 'A "jewelry" scale.', 'Used for measuring small amounts of chemicals or resin.', 7, 'https://placehold.co/300x300/EEE/333?text=Digital+Scale', NULL),
(346, 'PCB Vise / Holder', 'A 360-degree rotating PCB holder.', 'A "third hand" for holding circuit boards.', 'Holds a PCB securely for soldering or inspection.', 7, 'https://placehold.co/300x300/EEE/333?text=PCB+Vise', NULL),
(347, 'DDS Function Generator', 'A 1Hz-65kHz DDS signal generator kit.', 'A tool that outputs sine, square, and triangle waves.', 'Used for testing and debugging audio amplifiers and filter circuits.', 6, 'https://placehold.co/300x300/EEE/333?text=DDS+Generator', NULL),
(348, 'Bench Multimeter (4.5 Digit)', 'A high-precision benchtop multimeter.', 'A 4.5-digit true-RMS meter.', 'A stationary, high-accuracy meter for a lab or test bench.', 6, 'https://placehold.co/300x300/EEE/333?text=Bench+DMM', NULL),
(349, 'Load Cell (50kg)', 'A 50kg "bar" load cell.', 'A strain gauge for measuring weight.', 'Used with an amplifier to build a digital scale.', 8, 'https://placehold.co/300x300/EEE/333?text=Load+Cell', NULL),
(350, 'HX711 Load Cell Amplifier', 'A 24-bit ADC for load cells.', 'A breakout board for the HX711 chip.', 'Amplifies the tiny signal from a load cell for a microcontroller.', 8, 'https://placehold.co/300x300/EEE/333?text=HX711', NULL),
(351, 'T-Nuts for 2020 Extrusion (50-pack)', 'M5 T-slot nuts for 2020 aluminum.', 'Slide-in or drop-in nuts.', 'Used to attach components to 2020 T-slot frames.', 13, 'https://placehold.co/300x300/EEE/333?text=T-Nuts', NULL),
(352, 'Corner Brackets for 2020 (10-pack)', '90-degree cast aluminum brackets.', 'Brackets for 2020 T-slot.', 'Used to join 2020 extrusions at a right angle.', 13, 'https://placehold.co/300x300/EEE/333?text=Corner+Bracket', NULL),
(353, 'GT2 Timing Belt (5m)', '5 meters of 6mm GT2 rubber belt.', 'A standard belt for 3D printers.', 'Used for linear motion, driven by a stepper motor.', 13, 'https://placehold.co/300x300/EEE/333?text=GT2+Belt', NULL),
(354, 'GT2 Timing Pulley (20-tooth)', 'A 20-tooth pulley for 5mm shaft.', 'A toothed gear for GT2 belts.', 'Attaches to a NEMA 17 motor to drive a GT2 belt.', 13, 'https://placehold.co/300x300/EEE/333?text=GT2+Pulley', NULL),
(355, 'NEMA 23 Stepper Motor', 'A high-torque 1.8-degree stepper.', 'A larger, more powerful stepper motor.', 'Used for CNC machines and larger 3D printers.', 13, 'https://placehold.co/300x300/EEE/333?text=NEMA+23', NULL),
(356, 'ER11 Collet Set', 'A 7-piece ER11 collet set.', 'Precision collets for CNC spindles.', 'Holds a variety of bit sizes (1mm-7mm) in a CNC spindle.', 13, 'https://placehold.co/300x300/EEE/333?text=ER11+Set', NULL),
(357, 'Drill Press Vise', 'A 3-inch vise for drill presses.', 'A tool for holding material.', 'Securely holds parts while drilling.', 13, 'https://placehold.co/300x300/EEE/333?text=Drill+Vise', NULL),
(358, 'Tap and Die Set (Metric)', 'A 20-piece metric tap and die set.', 'A thread-cutting kit.', 'Used for creating (tapping) and repairing (die) threads.', 13, 'https://placehold.co/300x300/EEE/333?text=Tap+Die+Set', NULL),
(359, 'Deburring Tool', 'A hand tool for cleaning edges.', 'A swiveling blade for removing burrs.', 'Used to clean sharp edges off 3D prints or metal parts.', 13, 'https://placehold.co/300x300/EEE/333?text=Deburring+Tool', NULL),
(360, 'ABS 3D Printer Filament (1kg)', 'A 1kg spool of 1.75mm ABS filament.', 'A durable, heat-resistant filament.', 'Used for strong, functional 3D printed parts.', 13, 'https://placehold.co/300x300/EEE/333?text=ABS+Filament', NULL),
(361, 'Photoelectric Sensor (Diffuse)', 'A 12-24V diffuse-reflective sensor.', 'An optical sensor that detects objects.', 'Detects objects that pass in front of it (10-30cm range).', 14, 'https://placehold.co/300x300/EEE/333?text=Diffuse+Sensor', NULL),
(362, 'Photoelectric Sensor (Retro-Reflective)', 'A 12-24V sensor with reflector.', 'An optical sensor with a reflector.', 'Detects objects that break the beam between sensor and reflector.', 14, 'https://placehold.co/300x300/EEE/333?text=Retro+Sensor', NULL),
(363, 'Pneumatic Solenoid Valve (5/2 Way)', 'A 1/4" 24VDC 5-port 2-position valve.', 'An air-control valve.', 'Used to control the direction of a double-acting pneumatic cylinder.', 14, 'https://placehold.co/300x300/EEE/333?text=Pneumatic+Valve', NULL),
(364, 'Pneumatic Air Cylinder (50x100mm)', 'A 50mm bore, 100mm stroke cylinder.', 'A double-acting air actuator.', 'Used to create linear motion using compressed air.', 14, 'https://placehold.co/300x300/EEE/333?text=Air+Cylinder', NULL),
(365, 'Pneumatic Fitting (6mm Push-to-Connect)', 'A 1/4" NPT to 6mm tube fitting.', 'An easy-to-use air fitting.', 'Connects 6mm pneumatic tubing to a valve or cylinder.', 14, 'https://placehold.co/300x300/EEE/333?text=6mm+Fitting', NULL),
(366, 'Pneumatic Tubing (6mm, 1m)', '1 meter of 6mm polyurethane tube.', 'A flexible air hose.', 'Used to carry compressed air between pneumatic components.', 14, 'https://placehold.co/300x300/EEE/333?text=Air+Tube', NULL),
(367, 'Tower Light (3-Stack, 24V)', 'A 3-color (R/Y/G) industrial stack light.', 'An industrial status indicator.', 'Shows the status of a machine (e.g., running, warning, error).', 14, 'https://placehold.co/300x300/EEE/333?text=Tower+Light', NULL),
(368, 'DIN Rail Power Supply (24V 5A)', 'A 120W 24V DIN rail PSU.', 'A power supply for industrial panels.', 'Provides stable 24V DC power for PLCs and sensors.', 14, 'https://placehold.co/300x300/EEE/333?text=DIN+PSU', NULL),
(369, 'Safety Relay (E-Stop Monitor)', 'A 2-channel safety relay.', 'A monitoring relay for E-stops.', 'Ensures an E-stop or safety gate circuit works correctly.', 14, 'https://placehold.co/300x300/EEE/333?text=Safety+Relay', NULL),
(370, 'Float Switch (Water Level)', 'A liquid level sensor.', 'A right-angle or vertical float switch.', 'Used to detect if a liquid (e.g., water) is at a high or low level.', 14, 'https://placehold.co/300x300/EEE/333?text=Float+Switch', NULL),
(371, 'Spectrum Analyzer (TinySA)', 'A handheld spectrum analyzer.', 'A portable 0.1-960MHz analyzer.', 'Used for testing RF signals, filters, and antennas.', 6, 'https://placehold.co/300x300/EEE/333?text=TinySA', NULL),
(372, 'Network Cable Tester', 'A tester for RJ45 and RJ11.', 'A remote cable tester.', 'Checks for shorts, open, and crossed pairs in Ethernet cables.', 6, 'https://placehold.co/300x300/EEE/333?text=Cable+Tester', NULL),
(373, 'LCR Meter (Handheld)', 'A handheld Inductance/Capacitance/Resistance meter.', 'A dedicated LCR meter.', 'Accurately measures inductance, capacitance, and resistance.', 6, 'https://placehold.co/300x300/EEE/333?text=LCR+Meter', NULL),
(374, 'Insulation Tester (Megohmmeter)', 'A 1000V insulation tester.', 'A "megger" for testing high resistance.', 'Used to check for insulation breakdown in motors or cables.', 6, 'https://placehold.co/300x300/EEE/333?text=Megohmmeter', NULL),
(375, 'Tachometer (Laser)', 'A non-contact digital tachometer.', 'A photo-based RPM meter.', 'Measures the rotational speed (RPM) of a motor or shaft.', 6, 'https://placehold.co/300x300/EEE/333?text=Tachometer', NULL),
(376, '12V Geared DC Motor (100 RPM)', 'A 12V motor with a metal gearbox.', 'A high-torque, low-speed motor.', 'Used for robotics, wheel-bots, or other slow-moving projects.', 4, 'https://placehold.co/300x300/EEE/333?text=Gear+Motor', NULL),
(377, '12V Push-Pull Solenoid', 'A 10mm stroke solenoid.', 'An electromagnet for linear motion.', 'Used for creating a simple pushing or pulling action.', 4, 'https://placehold.co/300x300/EEE/333?text=Solenoid', NULL),
(378, 'Brushless DC Motor (A2212)', 'A 1000KV brushless outrunner motor.', 'A high-speed motor.', 'Used for drones, RC planes, and high-speed fans.', 4, 'https://placehold.co/300x300/EEE/333?text=BLDC+Motor', NULL),
(379, '30A BLDC ESC', 'A 30-amp Electronic Speed Controller.', 'A controller for brushless motors.', 'Drives and controls the speed of a 3-phase BLDC motor.', 4, 'https://placehold.co/300x300/EEE/333?text=30A+ESC', NULL),
(380, 'EC11 Rotary Encoder', 'An incremental rotary encoder.', 'A knob with 20 detents and a pushbutton.', 'Used for navigation in menus or as a digital "knob".', 4, 'https://placehold.co/300x300/EEE/333?text=EC11+Encoder', NULL),
(381, '10-bit Absolute Rotary Encoder', 'An absolute position encoder.', 'A sensor that knows its exact position on power-up.', 'Used in robotics for precise joint angle measurement.', 4, 'https://placehold.co/300x300/EEE/333?text=Abs+Encoder', NULL),
(382, 'Industrial Foot Switch', 'A heavy-duty foot pedal.', 'A momentary foot-operated switch.', 'Used for hands-free control of machines (e.g., drill press).', 4, 'https://placehold.co/300x300/EEE/333?text=Foot+Switch', NULL),
(383, 'Adjustable Pressure Switch', 'A 1/4" NPT pressure switch.', 'A switch that activates at a set pressure.', 'Used in air compressors or pneumatic systems.', 4, 'https://placehold.co/300x300/EEE/333?text=Pressure+Switch', NULL),
(384, 'Large Heatsink (TO-247)', 'A large finned aluminum heatsink.', 'A passive cooling component.', 'Used for cooling high-power transistors or regulators.', 4, 'https://placehold.co/300x300/EEE/333?text=Large+Heatsink', NULL),
(385, 'Peltier Module (TEC1-12706)', 'A 12V 6A thermoelectric cooler.', 'A solid-state heat pump.', 'Used for small refrigeration projects or cooling CPUs.', 4, 'https://placehold.co/300x300/EEE/333?text=Peltier', NULL),
(386, '3S 20A BMS Module', 'A 3-cell (11.1V) Li-Ion BMS.', 'A battery management system.', 'Protects a 3-cell battery pack from over/under voltage.', 11, 'https://placehold.co/300x300/EEE/333?text=3S+BMS', NULL),
(387, '4S 40A BMS Module', 'A 4-cell (14.8V) Li-Ion BMS.', 'A battery management system.', 'Protects a 4-cell battery pack from over/under voltage.', 11, 'https://placehold.co/300x300/EEE/333?text=4S+BMS', NULL),
(388, 'Isolated DC-DC Converter (12V-5V)', 'A 10W isolated step-down module.', 'A buck converter with galvanic isolation.', 'Used in automotive or industrial settings to prevent ground loops.', 11, 'https://placehold.co/300x300/EEE/333?text=Isolated+DCDC', NULL),
(389, 'AC-DC DIN Rail Power Supply (12V)', 'A 100W 12V DIN rail PSU.', 'A power supply for industrial panels.', 'Provides stable 12V DC power for components.', 11, 'https://placehold.co/300x300/EEE/333?text=12V+DIN+PSU', NULL),
(390, 'Active Rectifier Module', 'A high-efficiency bridge rectifier.', 'A "ideal diode" bridge.', 'A more efficient (less heat) replacement for a diode bridge.', 11, 'https://placehold.co/300x300/EEE/333?text=Active+Rectifier', NULL),
(391, 'Capacitive Proximity Sensor', 'A 1-10mm non-contact sensor.', 'A sensor that detects non-metal objects.', 'Used in 3D printers (for glass beds) or to detect liquids.', 8, 'https://placehold.co/300x300/EEE/333?text=Cap+Sensor', NULL),
(392, 'Piezo Vibration Sensor', 'A small piezo element.', 'A sensor that detects vibration or shock.', 'Used as a simple knock or vibration sensor.', 8, 'https://placehold.co/300x300/EEE/333?text=Vibe+Sensor', NULL),
(393, 'Color Sensor (TCS34725)', 'A sensor that detects RGB color.', 'An I2C color sensor module.', 'Used in robotics for color sorting or line following.', 8, 'https://placehold.co/300x300/EEE/333?text=Color+Sensor', NULL),
(394, 'UV Light Sensor (GUVA-S12SD)', 'A sensor for UV-A/B light.', 'An analog sensor for UV intensity.', 'Used to measure sunlight and UV index.', 8, 'https://placehold.co/300x300/EEE/333?text=UV+Sensor', NULL),
(395, 'INA219 Current Sensor', 'A high-side I2C current sensor.', 'A precision current/voltage/power monitor.', 'Measures DC current and voltage with high accuracy.', 8, 'https://placehold.co/300x300/EEE/333?text=INA219', NULL),
(396, 'Mitutoyo Digital Caliper', 'A 150mm high-precision caliper.', 'A brand-name, professional measuring tool.', 'A "buy-it-for-life" caliper for machine-grade accuracy.', 7, 'https://placehold.co/300x300/EEE/333?text=Mitutoyo', NULL),
(397, 'Automatic Center Punch', 'A spring-loaded center punch.', 'A tool for marking drill holes.', 'Creates a dimple in metal or plastic without a hammer.', 7, 'https://placehold.co/300x300/EEE/333?text=Center+Punch', NULL),
(398, 'Pin Vise Hand Drill', 'A small manual hand drill.', 'A tool for holding tiny drill bits.', 'Used for drilling small holes in PCBs or models.', 7, 'https://placehold.co/300x300/EEE/333?text=Pin+Vise', NULL),
(399, 'Jeweler''''s Loupe (10x)', 'A 10x magnification eye loupe.', 'A small magnifying glass.', 'Used for inspecting SMD components or solder joints.', 7, 'https://placehold.co/300x300/EEE/333?text=Jeweler+Loupe', NULL),
(400, 'SMD Soldering Practice Kit', 'A PCB with assorted SMD parts.', 'A kit for learning SMD soldering.', 'A fun, low-stakes way to practice soldering 0805, SOIC, etc.', 7, 'https://placehold.co/300x300/EEE/333?text=SMD+Practice', NULL),
(401, 'Tap Wrench (T-Handle)', 'A T-handle tap wrench.', 'A tool for holding taps.', 'Used for manually cutting threads in holes.', 7, 'https://placehold.co/300x300/EEE/333?text=Tap+Wrench', NULL),
(402, 'Dial Indicator', 'A 0.01mm precision dial indicator.', 'A mechanical precision measuring tool.', 'Used in machining to measure runout or flatness.', 7, 'https://placehold.co/300x300/EEE/333?text=Dial+Indicator', NULL),
(403, 'Magnetic Base Holder', 'A switchable magnetic base.', 'A stand for a dial indicator.', 'Securely holds a dial indicator to a machine bed.', 7, 'https://placehold.co/300x300/EEE/333?text=Magnetic+Base', NULL),
(404, 'Safety Glasses (Clear)', 'ANSI Z87.1 rated safety glasses.', 'Protective eyewear.', 'Essential for protecting eyes while soldering, drilling, or cutting.', 7, 'https://placehold.co/300x300/EEE/333?text=Safety+Glasses', NULL),
(405, 'Nitrile Gloves (Box of 100)', 'A box of 100 disposable nitrile gloves.', 'Chemical-resistant gloves.', 'Used to protect hands from chemicals or for clean assembly.', 7, 'https://placehold.co/300x300/EEE/333?text=Nitrile+Gloves', NULL),
(406, 'Solder Fume Absorber (Filter)', 'A replacement carbon filter.', 'A 5-pack of activated carbon filters.', 'Replacement filter for a fume extractor fan.', 7, 'https://placehold.co/300x300/EEE/333?text=Carbon+Filter', NULL),
(407, 'Caulking Gun', 'A standard-duty caulking gun.', 'A tool for dispensing sealant.', 'Used for applying silicone or sealants for waterproofing.', 7, 'https://placehold.co/300x300/EEE/333?text=Caulking+Gun', NULL),
(408, 'Utility Knife (Retractable)', 'A retractable box cutter.', 'A general-purpose cutting tool.', 'Used for cutting plastic, cardboard, or stripping large cables.', 7, 'https://placehold.co/300x300/EEE/333?text=Utility+Knife', NULL),
(409, 'Wire Brush Set (3-pc)', 'A 3-piece set of small wire brushes.', 'Nylon, brass, and steel brushes.', 'Used for cleaning corrosion off battery terminals or roughing surfaces.', 7, 'https://placehold.co/300x300/EEE/333?text=Wire+Brushes', NULL),
(410, 'Digital Angle Finder', 'A digital protractor.', 'A tool for measuring and setting angles.', 'Used for setting saw blade angles or in fabrication.', 7, 'https://placehold.co/300x300/EEE/333?text=Angle+Finder', NULL),
(411, 'CNC Touch Probe', 'A wired touch probe for CNCs.', 'A precision tool-setting probe.', 'Used for finding work offsets (X/Y/Z) on a CNC machine.', 13, 'https://placehold.co/300x300/EEE/333?text=Touch+Probe', NULL),
(412, '608ZZ Bearing (10-pack)', 'A 10-pack of 8x22x7mm bearings.', 'Standard 608 "skateboard" bearings.', 'Used in 3D printer filament rollers and linear motion systems.', 13, 'https://placehold.co/300x300/EEE/333?text=608ZZ', NULL),
(413, 'LM8UU Linear Bearing (10-pack)', 'A 10-pack of 8mm linear bearings.', 'Standard bearing for 8mm smooth rods.', 'Used for linear motion on 3D printers and CNCs.', 13, 'https://placehold.co/300x300/EEE/333?text=LM8UU', NULL),
(414, '8mm Lead Screw (T8, 300mm)', 'A 300mm T8 lead screw with 8mm lead.', 'A 4-start lead screw for motion.', 'Used for the Z-axis on most 3D printers.', 13, 'https://placehold.co/300x300/EEE/333?text=T8+Lead+Screw', NULL),
(415, 'Anti-Backlash Nut for T8', 'A brass nut for T8 lead screws.', 'A spring-loaded nut to reduce Z-wobble.', 'Improves print quality by removing backlash on the Z-axis.', 13, 'https://placehold.co/300x300/EEE/333?text=Anti-Backlash', NULL),
(416, 'Flexible Shaft Coupler (5mm to 8mm)', 'An aluminum 5x8mm shaft coupler.', 'A coupler for steppers and lead screws.', 'Connects a 5mm motor shaft (NEMA 17) to an 8mm lead screw.', 13, 'https://placehold.co/300x300/EEE/333?text=5x8+Coupler', NULL),
(417, 'Aluminum Sheet (A4, 1mm)', 'An A4-size sheet of 1mm aluminum.', 'A raw material for fabrication.', 'Used for making custom brackets, panels, or enclosures.', 13, 'https://placehold.co/300x300/EEE/333?text=Alu+Sheet', NULL),
(418, 'Brass Sheet (A4, 0.5mm)', 'An A4-size sheet of 0.5mm brass.', 'A raw material for fabrication.', 'Used for decorative parts or custom electrical contacts.', 13, 'https://placehold.co/300x300/EEE/333?text=Brass+Sheet', NULL),
(419, 'HSS Drill Bit Set (Metric)', 'A 19-piece HSS drill bit set.', 'High-Speed Steel bits (1-10mm).', 'A standard set for drilling metal, plastic, and wood.', 13, 'https://placehold.co/300x300/EEE/333?text=Drill+Set', NULL),
(420, 'Metric Allen Key Set', 'A 9-piece hex key wrench set.', 'A set of L-shaped hex keys.', 'Used for M3, M4, M5 screws on 3D printers and electronics.', 13, 'https://placehold.co/300x300/EEE/333?text=Allen+Keys', NULL),
(421, 'Motor Soft Starter (3kW)', 'A soft starter for a 3-phase motor.', 'Reduces motor inrush current.', 'Provides a smooth ramp-up for large AC motors.', 14, 'https://placehold.co/300x300/EEE/333?text=Soft+Starter', NULL),
(422, 'Variable Frequency Drive (VFD) 1HP', 'A 1HP (750W) VFD.', 'A 1-phase in, 3-phase out motor controller.', 'Controls the speed of a 3-phase AC motor.', 14, 'https://placehold.co/300x300/EEE/333?text=VFD+1HP', NULL),
(423, 'DIN Rail Circuit Breaker (1P, 10A)', 'A single-pole 10A DIN breaker.', 'A C-curve miniature circuit breaker.', 'Standard circuit protection for control panels.', 14, 'https://placehold.co/300x300/EEE/333?text=DIN+Breaker', NULL),
(424, 'Humidity Controller (Panel Mount)', 'A digital humidity controller.', 'A panel-mount "humidistat" with relay output.', 'Used to control a humidifier or dehumidifier.', 14, 'https://placehold.co/300x300/EEE/333?text=Humidistat', NULL),
(425, 'Digital Timer Relay (DIN Rail)', 'A multi-function digital timer.', 'A 24VDC/220VAC timer for DIN rails.', 'Used for on-delay, off-delay, and interval timing.', 14, 'https://placehold.co/300x300/EEE/333?text=Timer+Relay', NULL),
(426, 'Panel Mount Voltmeter (AC)', 'A small digital AC voltmeter.', 'A 70-500VAC mini panel meter.', 'Used to display mains voltage in a control panel.', 14, 'https://placehold.co/300x300/EEE/333?text=AC+Voltmeter', NULL),
(427, 'Panel Mount Ammeter (AC)', 'A small digital AC ammeter w/ CT.', 'A 0-100A mini panel meter with a current transformer.', 'Used to display AC current draw in a control panel.', 14, 'https://placehold.co/300x300/EEE/333?text=AC+Ammeter', NULL),
(428, 'Pushbutton Enclosure (1-hole)', 'A yellow/grey 1-hole 22mm enclosure.', 'A project box for one switch.', 'Used for mounting a single E-stop or pushbutton.', 14, 'https://placehold.co/300x300/EEE/333?text=1-Hole+Box', NULL),
(429, 'Cable Gland (PG7, 10-pack)', 'A 10-pack of PG7 cable glands.', 'Waterproof strain relief for cables.', 'Used to pass cables into an enclosure while maintaining a seal.', 14, 'https://placehold.co/300x300/EEE/333?text=Cable+Gland', NULL),
(430, 'Wire Duct (Slotted, 1m)', 'A 1m length of 2" slotted wire duct.', 'A plastic cable management trunking.', 'Used in control panels to neatly organize wiring.', 14, 'https://placehold.co/300x300/EEE/333?text=Wire+Duct', NULL),
(431, '12V Diaphragm Pump (Water)', 'A 12V self-priming water pump.', 'A high-pressure (100 PSI) diaphragm pump.', 'Used for sprayers, RV water systems, or robotics.', 4, 'https://placehold.co/300x300/EEE/333?text=Diaphragm+Pump', NULL),
(432, 'Mini Vacuum Pump (12V)', 'A small 12V rotary vane pump.', 'A pump for creating a vacuum.', 'Used for pick-and-place machines or vacuum sealing.', 4, 'https://placehold.co/300x300/EEE/333?text=Vacuum+Pump', NULL),
(433, 'Force Sensitive Resistor (FSR)', 'A 0.5" diameter FSR.', 'A sensor that detects physical pressure.', 'Resistance decreases as more pressure is applied.', 4, 'https://placehold.co/300x300/EEE/333?text=FSR', NULL),
(434, 'Slip Ring (6-wire)', 'A 6-wire, 2A slip ring.', 'A component for rotating connections.', 'Allows 360-degree continuous rotation without twisting wires.', 4, 'https://placehold.co/300x300/EEE/333?text=Slip+Ring', NULL),
(435, 'Solenoid Air Valve (3/2 Way)', 'A 1/8" 12VDC 3-port 2-position valve.', 'An air control valve (normally closed).', 'Used to control a single-acting pneumatic cylinder.', 4, 'https://placehold.co/300x300/EEE/333?text=3/2+Valve', NULL),
(436, 'Industrial Joystick', 'A 2-axis, 4-position momentary joystick.', 'A heavy-duty joystick controller.', 'Used for controlling cranes, robotics, or industrial machines.', 4, 'https://placehold.co/300x300/EEE/333?text=Ind.+Joystick', NULL),
(437, 'DC Geared Motor with Encoder', 'A 12V 100RPM motor with a wheel encoder.', 'A "smart" DC motor.', 'Allows for closed-loop speed and position control.', 4, 'https://placehold.co/300x300/EEE/333?text=Encoder+Motor', NULL),
(438, 'Heat Sink Compound (Syringe)', 'A 1g syringe of thermal paste.', 'White silicone thermal grease.', 'Used to improve heat transfer between a chip and a heatsink.', 4, 'https://placehold.co/300x300/EEE/333?text=Thermal+Paste', NULL),
(439, 'Thermal Pad (100x100mm)', 'A 1mm thick silicone thermal pad.', 'A "gap filler" thermal interface.', 'Used when a heatsink and chip do not make perfect contact.', 4, 'https://placehold.co/300x300/EEE/333?text=Thermal+Pad', NULL),
(440, '24V 40mm Cooling Fan', 'A 40mm 24V DC brushless fan.', 'A standard fan for 3D printers.', 'Used for hot end cooling on many 24V 3D printers.', 4, 'https://placehold.co/300x300/EEE/333?text=24V+40mm+Fan', NULL),
(441, 'UV LED (5mm)', 'A 5mm "blacklight" LED.', 'A 395-400nm Ultraviolet LED.', 'Used for curing UV resin or counterfeit detection.', 9, 'https://placehold.co/300x300/EEE/333?text=UV+LED', NULL),
(442, 'Common Anode RGB LED', 'A 4-pin RGB LED (common positive).', 'Red, Green, and Blue in one package.', 'Used when controlling the "low" side (sinking current).', 9, 'https://placehold.co/300x300/EEE/333?text=RGB+LED+CA', NULL),
(443, 'Photodiode (BPW34)', 'A high-speed PIN photodiode.', 'A sensor that detects light (analog).', 'A high-speed light sensor used in data communication.', 9, 'https://placehold.co/300x300/EEE/333?text=Photodiode', NULL),
(444, 'Laser Safety Goggles', 'Safety glasses for red lasers.', 'OD 4+ glasses for 650nm lasers.', 'Protects eyes from accidental exposure to laser light.', 9, 'https://placehold.co/300x300/EEE/333?text=Laser+Goggles', NULL),
(445, 'TFT Touch Screen (2.4" SPI)', 'A 2.4" 320x240 color TFT display.', 'An SPI display with resistive touch.', 'A common color touchscreen for Arduino projects.', 9, 'https://placehold.co/300x300/EEE/333?text=2.4+TFT', NULL),
(446, '20x4 I2C LCD Display', 'A 20-character, 4-line LCD.', 'A large text display with an I2C backpack.', 'A large text display, controlled with only two pins.', 9, 'https://placehold.co/300x300/EEE/333?text=20x4+LCD', NULL),
(447, 'Fiber Optic Cable Stripper', 'A 3-hole fiber stripping tool.', 'A precision tool for fiber optics.', 'Strips the jacket, buffer, and coating from fiber cables.', 9, 'https://placehold.co/300x300/EEE/333?text=Fiber+Stripper', NULL),
(448, 'Fiber Optic Cleaver', 'A high-precision fiber cleaver.', 'A tool for cutting fiber optic cable.', 'Precisely "cleaves" a fiber for splicing or connectors.', 9, 'https://placehold.co/300x300/EEE/333?text=Fiber+Cleaver', NULL),
(449, 'LED Ring Light (Microscope)', 'A 144-LED adjustable ring light.', 'A light source for stereo microscopes.', 'Provides bright, shadow-free illumination for inspection.', 9, 'https://placehold.co/300x300/EEE/333?text=Ring+Light', NULL),
(450, 'Light Guide (Solid Core, 1m)', 'A 3mm solid core side-glow fiber.', 'A "plastic light pipe".', 'Used to route light from an LED to a panel.', 9, 'https://placehold.co/300x300/EEE/333?text=Light+Guide', NULL),
(451, 'FLIR Lepton 3.5 Thermal Camera', 'A radiometric thermal camera module.', 'A long-wave infrared (LWIR) camera.', 'Used for PCB hot-spot detection and thermal imaging.', 6, 'https://placehold.co/300x300/EEE/333?text=FLIR+Lepton', NULL),
(452, 'USB Power Meter (Type-C)', 'A USB-C power tester.', 'An in-line meter for V, A, W, and protocols.', 'Used to test chargers, cables, and power bank capacity.', 6, 'https://placehold.co/300x300/EEE/333?text=USB-C+Meter', NULL),
(453, 'Insulation Piercing Probes', 'A pair of needle probes.', 'Probes for testing wires without stripping them.', 'Used in automotive diagnostics and cable testing.', 6, 'https://placehold.co/300x300/EEE/333?text=Piercing+Probe', NULL),
(454, 'AC/DC Clamp Meter', 'A True-RMS clamp multimeter.', 'A DMM that measures current via a clamp.', 'Safely measures high AC/DC current without breaking the circuit.', 6, 'https://placehold.co/300x300/EEE/333?text=Clamp+Meter', NULL),
(455, 'Arbitrary Waveform Generator', 'A 2-channel 25MHz AWG.', 'A high-speed signal generator.', 'Generates complex, custom waveforms for advanced testing.', 6, 'https://placehold.co/300x300/EEE/333?text=AWG', NULL),
(456, 'Ultrasonic Level Sensor', 'A non-contact liquid level sensor.', 'An ultrasonic sensor for tank levels.', 'Used to measure the level of liquids or solids in a tank.', 14, 'https://placehold.co/300x300/EEE/333?text=Tank+Sensor', NULL),
(457, 'Analog Signal Isolator (4-20mA)', 'A 4-20mA to 4-20mA isolator.', 'A DIN-rail module for ground loop isolation.', 'Prevents ground loops and noise in industrial sensor loops.', 14, 'https://placehold.co/300x300/EEE/333?text=4-20mA+Isolator', NULL),
(458, 'Allen-Bradley MicroLogix 1100', 'A small industrial PLC.', 'A compact PLC with Ethernet/IP.', 'A professional-grade controller for machine automation.', 14, 'https://placehold.co/300x300/EEE/333?text=MicroLogix', NULL),
(459, 'Panel Mount Buzzer (24V)', 'A 22mm 24VDC industrial buzzer.', 'A loud (85dB) panel-mount beeper.', 'Used as an audible alarm in control panels.', 14, 'https://placehold.co/300x300/EEE/333?text=Panel+Buzzer', NULL),
(460, 'Industrial Ethernet Switch (DIN)', 'A 5-port DIN-rail Ethernet switch.', 'A hardened switch for industrial use.', 'Provides network ports inside a control cabinet.', 14, 'https://placehold.co/300x300/EEE/333?text=DIN+Switch', NULL),
(461, '12V LiFePO4 Battery (10Ah)', 'A 10Ah 12.8V LiFePO4 battery.', 'A safe, long-life lithium battery.', 'Used for solar storage, UPS, and off-grid applications.', 11, 'https://placehold.co/300x300/EEE/333?text=LiFePO4', NULL),
(462, 'MPPT Solar Charge Controller', 'A 20A 12V/24V MPPT controller.', 'A "Maximum Power Point Tracking" solar controller.', 'Efficiently charges batteries from solar panels.', 11, 'https://placehold.co/300x300/EEE/333?text=MPPT', NULL),
(463, 'AC/DC Power Supply (5V 10A)', 'A 50W 5V open-frame PSU.', 'A non-enclosed switching power supply.', 'Used for building into projects that need high 5V current (e.g., LED matrix).', 11, 'https://placehold.co/300x300/EEE/333?text=5V+10A+PSU', NULL),
(464, 'Active Battery Balancer (4S)', 'An active equalizer for Li-Ion.', 'A module that balances cell voltages.', 'Improves the health and lifespan of a multi-cell battery pack.', 11, 'https://placehold.co/300x300/EEE/333?text=Active+Balancer', NULL),
(465, '18650 Spot Welder (DIY Kit)', 'A kit for a battery spot welder.', 'A capacitive-discharge spot welder.', 'Used to weld nickel strips to 18650 cells to build battery packs.', 11, 'https://placehold.co/300x300/EEE/333?text=Spot+Welder', NULL),
(466, 'Brushless Gimbal Motor', 'A 2804 brushless gimbal motor.', 'A motor for camera stabilization.', 'A high-pole-count motor for smooth, precise rotational control.', 4, 'https://placehold.co/300x300/EEE/333?text=Gimbal+Motor', NULL),
(467, 'LRA (Linear Resonant Actuator)', 'A Z-axis haptic motor.', 'A "coin" LRA for crisp haptics.', 'Provides high-quality tactile feedback (like in modern phones).', 4, 'https://placehold.co/300x300/EEE/333?text=LRA+Haptic', NULL),
(468, 'Cherry MX Blue Switch', 'A mechanical keyboard switch.', 'A "clicky" tactile switch.', 'Used for building custom mechanical keyboards.', 4, 'https://placehold.co/300x300/EEE/333?text=MX+Blue', NULL),
(469, 'Panel Mount Key Switch (On-Off)', 'A 19mm latching key switch.', 'A key-operated On-Off switch.', 'Used for securing a project with a physical key.', 4, 'https://placehold.co/300x300/EEE/333?text=Key+Switch', NULL),
(470, 'High-Flow 120mm Cooling Fan', 'A 12V 120mm high-CFM fan.', 'A powerful fan for servers or enclosures.', 'Moves a large volume of air for serious cooling.', 4, 'https://placehold.co/300x300/EEE/333?text=120mm+Fan', NULL),
(471, 'iFixit Pro Tech Toolkit', 'A 70-piece electronics toolkit.', 'A comprehensive kit for device repair.', 'Includes spudgers, bits, and opening tools for phones/laptops.', 7, 'https://placehold.co/300x300/EEE/333?text=iFixit+Kit', NULL),
(472, 'JST-SM Crimp Tool', 'A crimper for JST-SM connectors.', 'A parallel-action crimp tool.', 'Used for crimping LED strip and other small connectors.', 7, 'https://placehold.co/300x300/EEE/333?text=JST-SM+Crimp', NULL),
(473, 'E6000 Industrial Adhesive', 'A 1oz tube of E6000 glue.', 'A high-strength, waterproof adhesive.', 'Bonds electronics, plastic, and metal; dries clear.', 7, 'https://placehold.co/300x300/EEE/333?text=E6000+Glue', NULL),
(474, 'Silicone Conformal Coating', 'A 50ml bottle of PCB coating.', 'A sealant for waterproofing electronics.', 'Protects PCBs from moisture, dust, and corrosion.', 7, 'https://placehold.co/300x300/EEE/333?text=Conformal+Coat', NULL),
(475, 'Magnetic Pickup Tool (Telescoping)', 'A pen-sized magnetic tool.', 'A telescoping magnet on a stick.', 'Used for retrieving dropped screws from hard-to-reach places.', 7, 'https://placehold.co/300x300/EEE/333?text=Mag+Tool', NULL),
(476, 'All-Metal Hotend (E3D V6)', 'A 1.75mm all-metal 3D printer hotend.', 'A high-temperature 3D printer part.', 'Allows printing high-temp materials like ABS and PETG without a PTFE tube.', 13, 'https://placehold.co/300x300/EEE/333?text=V6+Hotend', NULL),
(477, 'PEI Spring Steel Sheet (235mm)', 'A 235x235mm flexible build plate.', 'A 3D printer bed surface.', 'A removable, flexible bed with a textured PEI surface for good adhesion.', 13, 'https://placehold.co/300x300/EEE/333?text=PEI+Sheet', NULL),
(478, 'Ball Nose End Mill (1/8")', 'A 1/8-inch 2-flute ball nose bit.', 'A router bit with a rounded tip.', 'Used for 3D contouring and carving on a CNC machine.', 13, 'https://placehold.co/300x300/EEE/333?text=Ball+Nose', NULL),
(479, 'Thread Locking Compound (Blue)', 'A 10ml bottle of "Blue Loctite".', 'A medium-strength threadlocker.', 'Prevents screws and nuts from vibrating loose.', 13, 'https://placehold.co/300x300/EEE/333?text=Threadlocker', NULL),
(480, 'Caliper Battery (LR44, 5-pack)', 'A 5-pack of LR44/AG13 batteries.', 'Alkaline button cell batteries.', 'Common replacement battery for digital calipers and small toys.', 13, 'https://placehold.co/300x300/EEE/333?text=LR44', NULL),
(481, 'E-Ink Display Module (2.9")', 'A 296x128 2.9" e-Paper display.', 'A black/white/red SPI e-Ink screen.', 'An ultra-low-power display that holds an image with no power.', 9, 'https://placehold.co/300x300/EEE/333?text=E-Ink', NULL),
(482, 'Arducam Mini Camera Module (SPI)', 'An OV2640 2MP SPI camera.', 'A camera for any microcontroller.', 'A camera module that can be used with Arduino (unlike the RPi cam).', 9, 'https://placehold.co/300x300/EEE/333?text=Arducam', NULL),
(483, '5V Addressable RGBW LED Strip', 'A 1m 60/m RGBW (SK6812) strip.', 'An LED strip with a dedicated white chip.', 'Like Neopixels, but with a true warm white LED for better color.', 9, 'https://placehold.co/300x300/EEE/333?text=RGBW+Strip', NULL),
(484, 'Panel Mount Light Pipe (5mm)', 'A rigid 5mm light pipe.', 'A plastic component for front panels.', 'Routes light from a PCB-mounted LED to the front of an enclosure.', 9, 'https://placehold.co/300x300/EEE/333?text=Light+Pipe', NULL),
(485, 'Laser Crosshair Module (Red)', 'A 5V red laser cross-line module.', 'A laser with a crosshair lens.', 'Used for positioning and alignment on CNCs or drill presses.', 9, 'https://placehold.co/300x300/EEE/333?text=Cross+Laser', NULL),
(486, 'M8 Circular Connector (3-pin)', 'A 3-pin M8 industrial connector.', 'A smaller waterproof, threaded connector.', 'Commonly used for industrial proximity sensors.', 5, 'https://placehold.co/300x300/EEE/333?text=M8+3-pin', NULL),
(487, 'HDMI Panel Mount (Female-Female)', 'An HDMI bulkhead connector.', 'A female-to-female HDMI passthrough.', 'Used to add an HDMI port to an enclosure.', 5, 'https://placehold.co/300x300/EEE/333?text=HDMI+Panel', NULL),
(488, 'XT90-S Anti-Spark Connector', 'A high-current anti-spark connector.', 'An XT90 with a built-in resistor.', 'Prevents the large spark when connecting high-voltage batteries.', 5, 'https://placehold.co/300x300/EEE/333?text=XT90-S', NULL),
(489, '40-pin GPIO Header (Stacking, RPi)', 'A 2x20 stacking header.', 'An extra-tall female header.', 'Used for building Raspberry Pi HATs that can be stacked.', 5, 'https://placehold.co/300x300/EEE/333?text=Stacking+Header', NULL),
(490, 'Anderson Powerpole Connector (30A)', 'A 30A DC power connector pair.', 'A genderless, modular DC connector.', 'Used in ham radio, robotics, and high-power 12V systems.', 5, 'https://placehold.co/300x300/EEE/333?text=Powerpole', NULL),
(491, 'BFR93A NPN RF Transistor', 'A 5GHz NPN RF transistor.', 'A high-frequency SOT-23 transistor.', 'Used for building RF amplifiers and oscillators.', 2, 'https://placehold.co/300x300/EEE/333?text=BFR93A', NULL),
(492, 'High-Voltage Diode (10kV)', 'A 10kV 5mA high-voltage diode.', 'A "microwave oven" diode.', 'Used in high-voltage power supplies and voltage multipliers.', 2, 'https://placehold.co/300x300/EEE/333?text=HV+Diode', NULL),
(493, 'SiC Schottky Diode (650V 10A)', 'A Silicon Carbide power diode.', 'A high-voltage, high-speed diode.', 'A high-efficiency, high-temp diode for advanced power supplies.', 2, 'https://placehold.co/300x300/EEE/333?text=SiC+Diode', NULL),
(494, '2N7000 N-Channel MOSFET', 'A small-signal N-Channel MOSFET.', 'A TO-92 logic-level MOSFET.', 'A classic, small MOSFET for switching small loads.', 2, 'https://placehold.co/300x300/EEE/333?text=2N7000', NULL),
(495, '2N3906 PNP Transistor', 'A common PNP transistor.', 'A TO-92 general-purpose PNP transistor.', 'The PNP complement to the 2N3904.', 2, 'https://placehold.co/300x300/EEE/333?text=2N3906', NULL),
(496, 'SA612AD Mixer/Oscillator IC', 'An RF mixer and oscillator IC.', 'A "Gilbert cell" mixer IC (SOIC-8).', 'Used in RF receivers to up-convert or down-convert signals.', 1, 'https://placehold.co/300x300/EEE/333?text=SA612', NULL),
(497, 'RFM95W LoRa Transceiver IC', 'The bare LoRa chip (SX1276).', 'A HopeRF module with the SX1276.', 'The chip/module used in LoRa radio boards.', 1, 'https://placehold.co/300x300/EEE/333?text=RFM95W', NULL),
(498, 'BNO055 9-Axis IMU IC', 'A 9-axis motion sensor chip.', 'An IMU with an internal fusion processor.', 'The bare chip (LGA-28) that does 9-DOF sensor fusion onboard.', 1, 'https://placehold.co/300x300/EEE/333?text=BNO055', NULL),
(499, 'PCM5102A DAC IC', 'A 32-bit I2S audio DAC.', 'A stereo Digital-to-Analog converter for audio.', 'The bare chip used in many Raspberry Pi audio DACs.', 1, 'https://placehold.co/300x300/EEE/333?text=PCM5102A', NULL),
(500, 'MAX98357A I2S Audio Amp', 'An I2S 3W Class-D amplifier.', 'A digital audio amplifier IC.', 'Takes digital I2S audio directly and drives a speaker.', 1, 'https://placehold.co/300x300/EEE/333?text=MAX98357A', NULL);

INSERT INTO `product_availability` (`product_id`, `store_id`, `price`) VALUES
(1, 1, 15.00),
(2, 1, 10.00),
(3, 1, 2.00),
(4, 1, 3.00),
(5, 1, 45.00),
(6, 1, 1.00),
(7, 1, 1.00),
(8, 1, 2.00),
(9, 1, 5.00),
(10, 1, 12.00),
(11, 1, 30.00),
(12, 1, 80.00),
(13, 1, 20.00),
(14, 1, 15.00),
(15, 1, 250.00),
(16, 1, 50.00),
(17, 1, 120.00),
(18, 1, 150.00),
(19, 1, 80.00),
(20, 1, 5.00),
(21, 1, 70.00),
(22, 1, 80.00),
(23, 1, 2.00),
(24, 1, 2.00),
(25, 1, 3.00),
(26, 1, 8.00),
(27, 1, 5.00),
(28, 1, 15.00),
(29, 1, 10.00),
(30, 1, 10.00),
(31, 1, 10.00),
(32, 1, 20.00),
(33, 1, 15.00),
(34, 1, 300.00),
(1, 2, 15.30),
(2, 2, 10.20),
(3, 2, 2.04),
(4, 2, 3.06),
(5, 2, 45.90),
(6, 2, 1.02),
(7, 2, 1.02),
(8, 2, 2.04),
(9, 2, 5.10),
(10, 2, 12.24),
(27, 2, 5.10),
(28, 2, 15.30),
(2, 3, 10.40),
(4, 3, 3.12),
(6, 3, 1.04),
(7, 3, 1.04),
(8, 3, 2.08),
(9, 3, 5.20),
(11, 3, 31.20),
(12, 3, 83.20),
(13, 3, 20.80),
(14, 3, 15.60),
(15, 3, 260.00),
(16, 3, 52.00),
(17, 3, 124.80),
(18, 3, 156.00),
(19, 3, 83.20),
(20, 3, 5.20),
(21, 3, 72.80),
(22, 3, 83.20),
(23, 3, 2.08),
(24, 3, 2.08),
(25, 3, 3.12),
(28, 3, 15.60),
(29, 3, 10.40),
(30, 3, 10.40),
(31, 3, 10.40),
(32, 3, 20.80),
(33, 3, 15.60),
(3, 4, 2.02),
(5, 4, 45.45),
(10, 4, 12.12),
(11, 4, 30.30),
(12, 4, 80.80),
(13, 4, 20.20),
(14, 4, 15.15),
(26, 4, 8.08),
(27, 4, 5.05),
(28, 4, 15.15),
(29, 4, 10.10),
(30, 4, 10.10),
(31, 4, 10.10),
(34, 4, 303.00),
(1, 5, 15.45),
(15, 5, 257.50),
(18, 5, 154.50),
(19, 5, 82.40),
(32, 5, 20.60),
(33, 5, 15.45),
(34, 5, 309.00),
(35, 1, 1200.00),
(36, 1, 3500.00),
(37, 1, 300.00),
(38, 1, 500.00),
(39, 1, 350.00),
(40, 1, 800.00),
(35, 3, 1248.00),
(36, 3, 3640.00),
(37, 3, 312.00),
(38, 3, 520.00),
(39, 3, 364.00),
(40, 3, 832.00),
(35, 2, 1224.00),
(37, 2, 306.00),
(38, 2, 510.00),
(39, 2, 357.00),
(40, 2, 816.00),
(36, 5, 3605.00),
(41, 1, 100.00),
(42, 1, 30.00),
(43, 1, 50.00),
(44, 1, 5.00),
(45, 1, 80.00),
(46, 1, 120.00),
(47, 1, 1500.00),
(41, 3, 104.00),
(42, 3, 31.20),
(43, 3, 52.00),
(44, 3, 5.20),
(45, 3, 83.20),
(46, 3, 124.80),
(47, 3, 1560.00),
(42, 2, 30.60),
(44, 2, 5.10),
(46, 4, 121.20),
(47, 5, 1545.00),
(48, 1, 1600.00),
(49, 1, 1100.00),
(50, 1, 2500.00),
(51, 1, 1400.00),
(52, 1, 1150.00),
(53, 1, 1500.00),
(54, 1, 1000.00),
(55, 1, 1300.00),
(56, 1, 1600.00),
(57, 1, 1100.00),
(58, 1, 700.00),
(59, 1, 1200.00),
(60, 1, 1350.00),
(61, 1, 1500.00),
(62, 1, 1550.00),
(63, 1, 1600.00),
(64, 1, 3000.00),
(65, 1, 3500.00),
(66, 1, 4000.00),
(67, 1, 1000.00),
(68, 1, 900.00),
(69, 1, 850.00),
(70, 1, 2000.00),
(71, 1, 2200.00),
(72, 1, 2100.00),
(73, 1, 4500.00),
(74, 1, 1300.00),
(75, 1, 1500.00),
(76, 1, 2000.00),
(77, 1, 1300.00),
(78, 1, 1000.00),
(79, 1, 1400.00),
(80, 1, 1100.00),
(81, 1, 1000.00),
(82, 1, 1200.00),
(83, 1, 800.00),
(84, 1, 1000.00),
(85, 1, 1000.00),
(86, 1, 1200.00),
(87, 1, 1800.00),
(88, 1, 3000.00),
(89, 1, 4500.00),
(48, 3, 1664.00),
(49, 3, 1144.00),
(50, 3, 2600.00),
(51, 3, 1456.00),
(52, 3, 1196.00),
(53, 3, 1560.00),
(54, 3, 1040.00),
(55, 3, 1352.00),
(56, 3, 1664.00),
(57, 3, 1144.00),
(58, 3, 728.00),
(59, 3, 1248.00),
(60, 3, 1404.00),
(68, 3, 936.00),
(69, 3, 884.00),
(70, 3, 2080.00),
(71, 3, 2288.00),
(72, 3, 2184.00),
(73, 3, 4680.00),
(74, 3, 1352.00),
(75, 3, 1560.00),
(76, 3, 2080.00),
(77, 3, 1352.00),
(78, 3, 1040.00),
(83, 3, 832.00),
(84, 3, 1040.00),
(85, 3, 1040.00),
(86, 3, 1248.00),
(87, 3, 1872.00),
(88, 3, 3120.00),
(89, 3, 4680.00),
(48, 2, 1632.00),
(49, 2, 1122.00),
(51, 2, 1428.00),
(53, 2, 1530.00),
(54, 2, 1020.00),
(55, 2, 1326.00),
(56, 2, 1632.00),
(57, 2, 1122.00),
(59, 2, 1224.00),
(60, 2, 1377.00),
(61, 2, 1530.00),
(62, 2, 1581.00),
(63, 2, 1632.00),
(64, 2, 3060.00),
(65, 2, 3570.00),
(66, 2, 4080.00),
(67, 2, 1020.00),
(70, 2, 2040.00),
(72, 2, 2142.00),
(73, 2, 4590.00),
(83, 2, 816.00),
(61, 5, 1545.00),
(62, 5, 1596.50),
(63, 5, 1648.00),
(64, 5, 3090.00),
(65, 5, 3605.00),
(66, 5, 4120.00),
(71, 5, 2266.00),
(73, 5, 4635.00),
(79, 5, 1442.00),
(81, 5, 1030.00),
(82, 5, 1236.00),
(89, 5, 4635.00),
(74, 4, 1313.00),
(80, 4, 1111.00),
(81, 4, 1010.00),
(82, 4, 1212.00),
(84, 4, 1010.00),
(85, 4, 1010.00),
(86, 4, 1212.00),
(90, 1, 200.00),
(91, 1, 300.00),
(92, 1, 150.00),
(93, 1, 100.00),
(94, 1, 120.00),
(95, 1, 180.00),
(96, 1, 150.00),
(97, 1, 100.00),
(98, 1, 100.00),
(99, 1, 50.00),
(100, 1, 130.00),
(101, 1, 150.00),
(102, 1, 100.00),
(103, 1, 60.00),
(104, 1, 80.00),
(105, 1, 70.00),
(106, 1, 100.00),
(90, 3, 208.00),
(91, 3, 312.00),
(92, 3, 156.00),
(93, 3, 104.00),
(94, 3, 124.80),
(95, 3, 187.20),
(96, 3, 156.00),
(97, 3, 104.00),
(98, 3, 104.00),
(99, 3, 52.00),
(100, 3, 135.20),
(101, 3, 156.00),
(102, 3, 104.00),
(103, 3, 62.40),
(104, 3, 83.20),
(105, 3, 72.80),
(106, 3, 104.00),
(90, 2, 204.00),
(91, 2, 306.00),
(92, 2, 153.00),
(93, 2, 102.00),
(98, 2, 102.00),
(99, 2, 51.00),
(100, 2, 132.60),
(101, 2, 153.00),
(94, 4, 121.20),
(95, 4, 181.80),
(96, 4, 151.50),
(97, 4, 101.00),
(96, 5, 154.50),
(97, 5, 103.00),
(102, 5, 103.00),
(106, 5, 103.00),
(107, 1, 3.00),
(108, 1, 20.00),
(109, 1, 15.00),
(110, 1, 60.00),
(111, 1, 10.00),
(112, 1, 40.00),
(113, 1, 15.00),
(107, 3, 3.12),
(108, 3, 20.80),
(109, 3, 15.60),
(110, 3, 62.40),
(111, 3, 10.40),
(112, 3, 41.60),
(113, 3, 15.60),
(111, 2, 10.20),
(112, 2, 40.80),
(113, 2, 15.30),
(107, 4, 3.03),
(108, 4, 20.20),
(110, 4, 60.60),
(107, 5, 3.09),
(110, 5, 61.80),
(113, 5, 15.45),
(114, 1, 40.00),
(115, 1, 60.00),
(116, 1, 30.00),
(117, 1, 50.00),
(118, 1, 60.00),
(119, 1, 25.00),
(120, 1, 800.00),
(121, 1, 450.00),
(122, 1, 350.00),
(123, 1, 250.00),
(124, 1, 100.00),
(125, 1, 350.00),
(126, 1, 2.00),
(127, 1, 3.00),
(128, 1, 8.00),
(129, 1, 10.00),
(130, 1, 500.00),
(131, 1, 10.00),
(132, 1, 8.00),
(133, 1, 400.00),
(134, 1, 50.00),
(135, 1, 50.00),
(136, 1, 60.00),
(137, 1, 200.00),
(138, 1, 10.00),
(139, 1, 20.00),
(140, 1, 15.00),
(141, 1, 10.00),
(142, 1, 10.00),
(143, 1, 30.00),
(114, 3, 41.60),
(115, 3, 62.40),
(117, 3, 52.00),
(118, 3, 62.40),
(119, 3, 26.00),
(120, 3, 832.00),
(121, 3, 468.00),
(123, 3, 260.00),
(126, 3, 2.08),
(127, 3, 3.12),
(128, 3, 8.32),
(129, 3, 10.40),
(130, 3, 520.00),
(131, 3, 10.40),
(132, 3, 8.32),
(133, 3, 416.00),
(136, 3, 62.40),
(139, 3, 20.80),
(141, 3, 10.40),
(114, 4, 40.40),
(115, 4, 60.60),
(116, 4, 30.30),
(117, 4, 50.50),
(118, 4, 60.60),
(120, 4, 808.00),
(121, 4, 454.50),
(122, 4, 353.50),
(123, 4, 252.50),
(124, 4, 101.00),
(125, 4, 353.50),
(137, 4, 202.00),
(138, 4, 10.10),
(139, 4, 20.20),
(140, 4, 15.15),
(141, 4, 10.10),
(119, 2, 25.50),
(129, 2, 10.20),
(131, 2, 10.20),
(132, 2, 8.16),
(133, 2, 408.00),
(134, 2, 51.00),
(135, 2, 51.00),
(138, 2, 10.20),
(141, 2, 10.20),
(142, 2, 10.20),
(143, 2, 30.60),
(116, 5, 30.90),
(122, 5, 360.50),
(124, 5, 103.00),
(125, 5, 360.50),
(134, 5, 51.50),
(135, 5, 51.50),
(136, 5, 61.80),
(137, 5, 206.00),
(140, 5, 15.45),
(143, 5, 30.90),
(144, 1, 120.00),
(145, 1, 100.00),
(146, 1, 80.00),
(147, 1, 40.00),
(148, 1, 10.00),
(149, 1, 150.00),
(150, 1, 250.00),
(151, 1, 80.00),
(152, 1, 30.00),
(153, 1, 40.00),
(154, 1, 10.00),
(155, 1, 10.00),
(156, 1, 20.00),
(157, 1, 100.00),
(158, 1, 20.00),
(159, 1, 12.00),
(160, 1, 20.00),
(161, 1, 30.00),
(162, 1, 60.00),
(163, 1, 150.00),
(164, 1, 130.00),
(144, 2, 122.40),
(145, 2, 102.00),
(146, 2, 81.60),
(147, 2, 40.80),
(148, 2, 10.20),
(149, 2, 153.00),
(150, 2, 255.00),
(151, 2, 81.60),
(152, 2, 30.60),
(153, 2, 40.80),
(154, 2, 10.20),
(155, 2, 10.20),
(156, 2, 20.40),
(157, 2, 102.00),
(158, 2, 20.40),
(159, 2, 12.24),
(160, 2, 20.40),
(161, 2, 30.60),
(162, 2, 61.20),
(163, 2, 153.00),
(164, 2, 132.60),
(144, 3, 124.80),
(145, 3, 104.00),
(146, 3, 83.20),
(147, 3, 41.60),
(148, 3, 10.40),
(149, 3, 156.00),
(150, 3, 260.00),
(151, 3, 83.20),
(156, 3, 20.80),
(157, 3, 104.00),
(158, 3, 20.80),
(159, 3, 12.48),
(160, 3, 20.80),
(163, 3, 156.00),
(164, 3, 135.20),
(144, 4, 121.20),
(145, 4, 101.00),
(146, 4, 80.80),
(160, 4, 20.20),
(161, 5, 30.90),
(162, 5, 61.80),
(165, 1, 200.00),
(166, 1, 80.00),
(167, 1, 40.00),
(168, 1, 40.00),
(169, 1, 10.00),
(170, 1, 15.00),
(171, 1, 10.00),
(172, 1, 12.00),
(173, 1, 50.00),
(174, 1, 60.00),
(175, 1, 70.00),
(176, 1, 5.00),
(177, 1, 40.00),
(178, 1, 5.00),
(179, 1, 15.00),
(180, 1, 100.00),
(181, 1, 80.00),
(182, 1, 30.00),
(183, 1, 20.00),
(184, 1, 15.00),
(185, 1, 70.00),
(186, 1, 100.00),
(165, 4, 202.00),
(167, 4, 40.40),
(168, 4, 40.40),
(169, 4, 10.10),
(170, 4, 15.15),
(171, 4, 10.10),
(172, 4, 12.12),
(173, 4, 50.50),
(174, 4, 60.60),
(175, 4, 70.70),
(176, 4, 5.05),
(177, 4, 40.40),
(180, 4, 101.00),
(183, 4, 20.20),
(184, 4, 15.15),
(185, 4, 70.70),
(186, 4, 101.00),
(167, 3, 41.60),
(168, 3, 41.60),
(169, 3, 10.40),
(170, 3, 15.60),
(171, 3, 10.40),
(172, 3, 12.48),
(173, 3, 52.00),
(178, 3, 5.20),
(179, 3, 15.60),
(182, 3, 31.20),
(183, 3, 20.80),
(185, 3, 72.80),
(166, 2, 81.60),
(178, 2, 5.10),
(179, 2, 15.30),
(181, 2, 81.60),
(182, 2, 30.60),
(165, 5, 206.00),
(175, 5, 72.10),
(177, 5, 41.20),
(180, 5, 103.00),
(181, 5, 82.40),
(186, 5, 103.00),
(187, 1, 700.00),
(188, 1, 250.00),
(189, 1, 30.00),
(190, 1, 25.00),
(191, 1, 10.00),
(192, 1, 250.00),
(193, 1, 30.00),
(194, 1, 3000.00),
(195, 1, 2500.00),
(187, 4, 707.00),
(188, 4, 252.50),
(189, 4, 30.30),
(190, 4, 25.25),
(191, 4, 10.10),
(192, 4, 252.50),
(193, 4, 30.30),
(194, 4, 3030.00),
(195, 4, 2525.00),
(188, 3, 260.00),
(189, 3, 31.20),
(190, 3, 26.00),
(191, 3, 10.40),
(192, 3, 260.00),
(193, 3, 31.20),
(195, 3, 2600.00),
(191, 2, 10.20),
(192, 5, 257.50),
(194, 5, 3090.00),
(195, 5, 2575.00),
(196, 1, 50.00),
(197, 1, 150.00),
(198, 1, 180.00),
(199, 1, 150.00),
(200, 1, 120.00),
(201, 1, 80.00),
(202, 1, 150.00),
(203, 1, 300.00),
(204, 1, 250.00),
(205, 1, 20.00),
(206, 1, 30.00),
(207, 1, 200.00),
(208, 1, 12.00),
(209, 1, 60.00),
(210, 1, 150.00),
(211, 1, 80.00),
(212, 1, 100.00),
(213, 1, 50.00),
(214, 1, 150.00),
(215, 1, 100.00),
(216, 1, 120.00),
(217, 1, 200.00),
(218, 1, 50.00),
(219, 1, 50.00),
(196, 4, 50.50),
(197, 4, 151.50),
(198, 4, 181.80),
(199, 4, 151.50),
(200, 4, 121.20),
(201, 4, 80.80),
(202, 4, 151.50),
(203, 4, 303.00),
(204, 4, 252.50),
(205, 4, 20.20),
(206, 4, 30.30),
(207, 4, 202.00),
(208, 4, 12.12),
(209, 4, 60.60),
(210, 4, 151.50),
(211, 4, 80.80),
(212, 4, 101.00),
(214, 4, 151.50),
(215, 4, 101.00),
(216, 4, 121.20),
(217, 4, 202.00),
(199, 3, 156.00),
(200, 3, 124.80),
(201, 3, 83.20),
(206, 3, 31.20),
(207, 3, 208.00),
(208, 3, 12.48),
(209, 3, 62.40),
(210, 3, 156.00),
(211, 3, 83.20),
(213, 3, 52.00),
(214, 3, 156.00),
(215, 3, 104.00),
(216, 3, 124.80),
(218, 3, 52.00),
(219, 3, 52.00),
(197, 5, 154.50),
(198, 5, 185.40),
(202, 5, 154.50),
(204, 5, 257.50),
(205, 5, 20.60),
(217, 5, 206.00),
(209, 2, 61.20),
(210, 2, 153.00),
(213, 2, 51.00),
(218, 2, 51.00),
(219, 2, 51.00),
(220, 1, 250.00),
(221, 1, 200.00),
(222, 1, 400.00),
(223, 1, 350.00),
(224, 1, 150.00),
(225, 1, 120.00),
(226, 1, 180.00),
(227, 1, 80.00),
(228, 1, 200.00),
(229, 1, 450.00),
(230, 1, 300.00),
(231, 1, 100.00),
(232, 1, 120.00),
(233, 1, 70.00),
(234, 1, 130.00),
(235, 1, 2500.00),
(236, 1, 150.00),
(237, 1, 80.00),
(238, 1, 60.00),
(239, 1, 50.00),
(240, 1, 180.00),
(241, 1, 300.00),
(242, 1, 600.00),
(243, 1, 100.00),
(244, 1, 30.00),
(245, 1, 80.00),
(246, 1, 250.00),
(247, 1, 350.00),
(248, 1, 300.00),
(249, 1, 700.00),
(250, 1, 150.00),
(251, 1, 100.00),
(220, 3, 260.00),
(221, 3, 208.00),
(222, 3, 416.00),
(223, 3, 364.00),
(224, 3, 156.00),
(225, 3, 124.80),
(226, 3, 187.20),
(227, 3, 83.20),
(228, 3, 208.00),
(229, 3, 468.00),
(231, 3, 104.00),
(232, 3, 124.80),
(233, 3, 72.80),
(234, 3, 135.20),
(235, 3, 2600.00),
(236, 3, 156.00),
(237, 3, 83.20),
(238, 3, 62.40),
(239, 3, 52.00),
(240, 3, 187.20),
(241, 3, 312.00),
(242, 3, 624.00),
(243, 3, 104.00),
(244, 3, 31.20),
(245, 3, 83.20),
(246, 3, 260.00),
(247, 3, 364.00),
(248, 3, 312.00),
(249, 3, 728.00),
(250, 3, 156.00),
(251, 3, 104.00),
(222, 5, 412.00),
(223, 5, 360.50),
(224, 5, 154.50),
(225, 5, 123.60),
(226, 5, 185.40),
(228, 5, 206.00),
(230, 5, 309.00),
(235, 5, 2575.00),
(236, 5, 154.50),
(242, 5, 618.00),
(243, 5, 103.00),
(247, 5, 360.50),
(249, 5, 721.00),
(250, 5, 154.50),
(251, 5, 103.00),
(223, 4, 353.50),
(224, 4, 151.50),
(225, 4, 121.20),
(227, 4, 80.80),
(229, 4, 454.50),
(230, 4, 303.00),
(248, 4, 303.00),
(226, 2, 183.60),
(234, 2, 132.60),
(235, 2, 2550.00),
(241, 2, 306.00),
(242, 2, 612.00),
(243, 2, 102.00),
(247, 2, 357.00),
(252, 1, 1.00),
(253, 1, 1.00),
(254, 1, 1.00),
(255, 1, 1.00),
(256, 1, 2.00),
(257, 1, 2.00),
(258, 1, 3.00),
(259, 1, 4.00),
(260, 1, 6.00),
(261, 1, 8.00),
(262, 1, 12.00),
(263, 1, 20.00),
(252, 2, 1.02),
(253, 2, 1.02),
(254, 2, 1.02),
(255, 2, 1.02),
(256, 2, 2.04),
(257, 2, 2.04),
(258, 2, 3.06),
(259, 2, 4.08),
(260, 2, 6.12),
(261, 2, 8.16),
(262, 2, 12.24),
(263, 2, 20.40),
(252, 3, 1.04),
(253, 3, 1.04),
(254, 3, 1.04),
(255, 3, 1.04),
(256, 3, 2.08),
(257, 3, 2.08),
(258, 3, 3.12),
(259, 3, 4.16),
(260, 3, 6.24),
(261, 3, 8.32),
(262, 3, 12.48),
(263, 3, 20.80),
(252, 4, 1.01),
(253, 4, 1.01),
(255, 4, 1.01),
(258, 4, 3.03),
(260, 4, 6.06),
(261, 4, 8.08),
(262, 4, 12.12),
(263, 4, 20.20),
(264, 1, 12.00),
(265, 1, 10.00),
(266, 1, 8.00),
(267, 1, 5.00),
(268, 1, 10.00),
(269, 1, 50.00),
(270, 1, 300.00),
(271, 1, 100.00),
(272, 1, 40.00),
(273, 1, 30.00),
(274, 1, 60.00),
(275, 1, 350.00),
(276, 1, 15.00),
(277, 1, 15.00),
(278, 1, 80.00),
(279, 1, 30.00),
(264, 2, 12.24),
(265, 2, 10.20),
(266, 2, 8.16),
(267, 2, 5.10),
(268, 2, 10.20),
(269, 2, 51.00),
(271, 2, 102.00),
(272, 2, 40.80),
(273, 2, 30.60),
(274, 2, 61.20),
(276, 2, 15.30),
(277, 2, 15.30),
(278, 2, 81.60),
(279, 2, 30.60),
(268, 4, 10.10),
(269, 4, 50.50),
(270, 4, 303.00),
(272, 4, 40.40),
(273, 4, 30.30),
(274, 4, 60.60),
(275, 4, 353.50),
(276, 4, 15.15),
(277, 4, 15.15),
(279, 4, 30.30),
(264, 3, 12.48),
(265, 3, 10.40),
(266, 3, 8.32),
(271, 3, 104.00),
(272, 3, 41.60),
(278, 3, 83.20),
(267, 5, 5.15),
(270, 5, 309.00),
(271, 5, 103.00),
(273, 5, 30.90),
(274, 5, 61.80),
(275, 5, 360.50),
(276, 5, 15.45),
(277, 5, 15.45),
(278, 5, 82.40),
(280, 1, 1.00),
(281, 1, 4.00),
(282, 1, 2.00),
(283, 1, 10.00),
(284, 1, 3.00),
(285, 1, 25.00),
(286, 1, 15.00),
(287, 1, 30.00),
(288, 1, 30.00),
(289, 1, 20.00),
(290, 1, 22.00),
(291, 1, 5.00),
(280, 2, 1.02),
(281, 2, 4.08),
(282, 2, 2.04),
(283, 2, 10.20),
(284, 2, 3.06),
(285, 2, 25.50),
(286, 2, 15.30),
(287, 2, 30.60),
(288, 2, 30.60),
(289, 2, 20.40),
(290, 2, 22.44),
(291, 2, 5.10),
(280, 3, 1.04),
(281, 3, 4.16),
(282, 3, 2.08),
(284, 3, 3.12),
(285, 3, 26.00),
(287, 3, 31.20),
(290, 3, 22.88),
(281, 4, 4.04),
(283, 4, 10.10),
(285, 4, 25.25),
(286, 4, 15.15),
(287, 4, 30.30),
(288, 4, 30.30),
(289, 4, 20.20),
(290, 4, 22.22),
(291, 4, 5.05),
(283, 5, 10.30),
(285, 5, 25.75),
(288, 5, 30.90),
(289, 5, 20.60),
(290, 5, 22.66),
(291, 5, 5.15),
(292, 1, 100.00),
(293, 1, 40.00),
(294, 1, 150.00),
(295, 1, 120.00),
(296, 1, 180.00),
(297, 1, 10.00),
(298, 1, 30.00),
(299, 1, 140.00),
(300, 1, 95.00),
(301, 1, 100.00),
(302, 1, 150.00),
(303, 1, 110.00),
(304, 1, 180.00),
(305, 1, 5.00),
(292, 3, 104.00),
(293, 3, 41.60),
(294, 3, 156.00),
(295, 3, 124.80),
(296, 3, 187.20),
(297, 3, 10.40),
(298, 3, 31.20),
(299, 3, 145.60),
(300, 3, 98.80),
(301, 3, 104.00),
(302, 3, 156.00),
(303, 3, 114.40),
(304, 3, 187.20),
(305, 3, 5.20),
(292, 2, 102.00),
(296, 2, 183.60),
(297, 2, 10.20),
(299, 2, 142.80),
(303, 2, 112.20),
(305, 2, 5.10),
(303, 4, 111.10),
(304, 4, 181.80),
(294, 5, 154.50),
(300, 5, 97.85),
(301, 5, 103.00),
(304, 5, 185.40),
(306, 1, 1200.00),
(307, 1, 4000.00),
(308, 1, 600.00),
(309, 1, 700.00),
(310, 1, 450.00),
(311, 1, 1000.00),
(312, 1, 1100.00),
(313, 1, 80.00),
(314, 1, 150.00),
(315, 1, 200.00),
(316, 1, 600.00),
(317, 1, 250.00),
(318, 1, 300.00),
(319, 1, 350.00),
(320, 1, 500.00),
(321, 1, 80.00),
(322, 1, 30.00),
(323, 1, 800.00),
(324, 1, 700.00),
(325, 1, 40.00),
(326, 1, 250.00),
(327, 1, 1500.00),
(328, 1, 250.00),
(329, 1, 900.00),
(330, 1, 400.00),
(306, 3, 1248.00),
(308, 3, 624.00),
(309, 3, 728.00),
(311, 3, 1040.00),
(312, 3, 1144.00),
(313, 3, 83.20),
(314, 3, 156.00),
(315, 3, 208.00),
(316, 3, 624.00),
(317, 3, 260.00),
(318, 3, 312.00),
(319, 3, 364.00),
(320, 3, 520.00),
(327, 3, 1560.00),
(328, 3, 260.00),
(329, 3, 936.00),
(330, 3, 416.00),
(306, 5, 1236.00),
(307, 5, 4120.00),
(308, 5, 618.00),
(309, 5, 721.00),
(310, 5, 463.50),
(314, 5, 154.50),
(315, 5, 206.00),
(321, 5, 82.40),
(322, 5, 30.90),
(323, 5, 824.00),
(324, 5, 721.00),
(325, 5, 41.20),
(326, 5, 257.50),
(327, 5, 1545.00),
(329, 5, 927.00),
(308, 2, 612.00),
(309, 2, 714.00),
(316, 2, 612.00),
(317, 2, 255.00),
(318, 2, 306.00),
(319, 2, 357.00),
(320, 2, 510.00),
(307, 4, 4040.00),
(321, 4, 80.80),
(322, 4, 30.30),
(323, 4, 808.00),
(324, 4, 707.00),
(325, 4, 40.40),
(326, 4, 252.50),
(331, 1, 1800.00),
(332, 1, 500.00),
(333, 1, 25.00),
(334, 1, 150.00),
(335, 1, 15000.00),
(336, 1, 8000.00),
(337, 1, 700.00),
(338, 1, 20.00),
(339, 1, 3500.00),
(340, 1, 400.00),
(341, 1, 2800.00),
(342, 1, 1000.00),
(343, 1, 1200.00),
(344, 1, 1000.00),
(345, 1, 450.00),
(346, 1, 600.00),
(347, 1, 2000.00),
(348, 1, 7000.00),
(349, 1, 300.00),
(350, 1, 80.00),
(331, 5, 1854.00),
(332, 5, 515.00),
(334, 5, 154.50),
(335, 5, 15450.00),
(336, 5, 8240.00),
(337, 5, 721.00),
(338, 5, 20.60),
(339, 5, 3605.00),
(340, 5, 412.00),
(341, 5, 2884.00),
(342, 5, 1030.00),
(343, 5, 1236.00),
(344, 5, 1030.00),
(346, 5, 618.00),
(347, 5, 2060.00),
(348, 5, 7210.00),
(349, 5, 309.00),
(331, 3, 1872.00),
(332, 3, 520.00),
(333, 3, 26.00),
(334, 3, 156.00),
(337, 3, 728.00),
(338, 3, 20.80),
(339, 3, 3640.00),
(340, 3, 416.00),
(341, 3, 2912.00),
(342, 3, 1040.00),
(343, 3, 1248.00),
(344, 3, 1040.00),
(345, 3, 468.00),
(346, 3, 624.00),
(347, 3, 2080.00),
(349, 3, 312.00),
(350, 3, 83.20),
(331, 4, 1818.00),
(334, 4, 151.50),
(335, 4, 15150.00),
(337, 4, 707.00),
(338, 4, 20.20),
(339, 4, 3535.00),
(344, 4, 1010.00),
(333, 2, 25.50),
(337, 2, 714.00),
(338, 2, 20.40),
(348, 2, 7140.00),
(350, 2, 81.60),
(351, 1, 150.00),
(352, 1, 180.00),
(353, 1, 250.00),
(354, 1, 60.00),
(355, 1, 1500.00),
(356, 1, 1000.00),
(357, 1, 800.00),
(358, 1, 1500.00),
(359, 1, 250.00),
(360, 1, 1200.00),
(361, 1, 600.00),
(362, 1, 800.00),
(363, 1, 900.00),
(364, 1, 1500.00),
(365, 1, 30.00),
(366, 1, 50.00),
(367, 1, 1800.00),
(368, 1, 2200.00),
(369, 1, 3500.00),
(370, 1, 150.00),
(371, 1, 5000.00),
(372, 1, 400.00),
(373, 1, 3000.00),
(374, 1, 2500.00),
(375, 1, 700.00),
(376, 1, 450.00),
(377, 1, 200.00),
(378, 1, 400.00),
(379, 1, 500.00),
(380, 1, 100.00),
(381, 1, 1500.00),
(382, 1, 700.00),
(383, 1, 500.00),
(384, 1, 150.00),
(385, 1, 250.00),
(386, 1, 200.00),
(387, 1, 300.00),
(388, 1, 350.00),
(389, 1, 2000.00),
(390, 1, 150.00),
(391, 1, 400.00),
(392, 1, 40.00),
(393, 1, 200.00),
(394, 1, 150.00),
(395, 1, 130.00),
(396, 1, 7000.00),
(397, 1, 200.00),
(398, 1, 250.00),
(399, 1, 180.00),
(400, 1, 150.00),
(351, 3, 156.00),
(352, 3, 187.20),
(353, 3, 260.00),
(354, 3, 62.40),
(355, 3, 1560.00),
(356, 3, 1040.00),
(357, 3, 832.00),
(358, 3, 1560.00),
(359, 3, 260.00),
(360, 3, 1248.00),
(370, 3, 156.00),
(376, 3, 468.00),
(377, 3, 208.00),
(378, 3, 416.00),
(379, 3, 520.00),
(380, 3, 104.00),
(381, 3, 1560.00),
(385, 3, 260.00),
(386, 3, 208.00),
(387, 3, 312.00),
(391, 3, 416.00),
(392, 3, 41.60),
(393, 3, 208.00),
(394, 3, 156.00),
(395, 3, 135.20),
(397, 3, 208.00),
(398, 3, 260.00),
(399, 3, 187.20),
(400, 3, 156.00),
(351, 5, 154.50),
(352, 5, 185.40),
(353, 5, 257.50),
(354, 5, 61.80),
(355, 5, 1545.00),
(356, 5, 1030.00),
(357, 5, 824.00),
(358, 5, 1545.00),
(359, 5, 257.50),
(360, 5, 1236.00),
(361, 5, 618.00),
(362, 5, 824.00),
(363, 5, 927.00),
(364, 5, 1545.00),
(365, 5, 30.90),
(366, 5, 51.50),
(367, 5, 1854.00),
(368, 5, 2266.00),
(369, 5, 3605.00),
(370, 5, 154.50),
(371, 5, 5150.00),
(372, 5, 412.00),
(373, 5, 3090.00),
(374, 5, 2575.00),
(375, 5, 721.00),
(381, 5, 1545.00),
(382, 5, 721.00),
(383, 5, 515.00),
(388, 5, 360.50),
(389, 5, 2060.00),
(396, 5, 7210.00),
(397, 5, 206.00),
(363, 4, 909.00),
(364, 4, 1515.00),
(365, 4, 30.30),
(366, 4, 50.50),
(367, 4, 1818.00),
(368, 4, 2222.00),
(369, 4, 3535.00),
(370, 4, 151.50),
(376, 4, 454.50),
(377, 4, 202.00),
(378, 4, 404.00),
(379, 4, 505.00),
(382, 4, 707.00),
(383, 4, 505.00),
(384, 4, 151.50),
(385, 4, 252.50),
(386, 4, 202.00),
(387, 4, 303.00),
(388, 4, 353.50),
(389, 4, 2020.00),
(390, 4, 151.50),
(371, 2, 5100.00),
(373, 2, 3060.00),
(380, 2, 102.00),
(381, 2, 1530.00),
(386, 2, 204.00),
(387, 2, 306.00),
(388, 2, 357.00),
(390, 2, 153.00),
(393, 2, 204.00),
(395, 2, 132.60),
(400, 2, 153.00),
(401, 1, 300.00),
(402, 1, 1200.00),
(403, 1, 700.00),
(404, 1, 150.00),
(405, 1, 500.00),
(406, 1, 100.00),
(407, 1, 250.00),
(408, 1, 180.00),
(409, 1, 100.00),
(410, 1, 800.00),
(411, 1, 1500.00),
(412, 1, 200.00),
(413, 1, 300.00),
(414, 1, 350.00),
(415, 1, 120.00),
(416, 1, 80.00),
(417, 1, 180.00),
(418, 1, 220.00),
(419, 1, 600.00),
(420, 1, 250.00),
(421, 1, 5000.00),
(422, 1, 8000.00),
(423, 1, 250.00),
(424, 1, 1000.00),
(425, 1, 900.00),
(426, 1, 300.00),
(427, 1, 350.00),
(428, 1, 200.00),
(429, 1, 100.00),
(430, 1, 300.00),
(431, 1, 600.00),
(432, 1, 700.00),
(433, 1, 180.00),
(434, 1, 500.00),
(435, 1, 450.00),
(436, 1, 1800.00),
(437, 1, 800.00),
(438, 1, 100.00),
(439, 1, 200.00),
(440, 1, 120.00),
(441, 1, 10.00),
(442, 1, 8.00),
(443, 1, 20.00),
(444, 1, 500.00),
(445, 1, 600.00),
(446, 1, 450.00),
(447, 1, 900.00),
(448, 1, 1500.00),
(449, 1, 800.00),
(450, 1, 200.00),
(401, 5, 309.00),
(402, 5, 1236.00),
(403, 5, 721.00),
(404, 5, 154.50),
(407, 5, 257.50),
(408, 5, 185.40),
(409, 5, 103.00),
(410, 5, 824.00),
(411, 5, 1545.00),
(412, 5, 206.00),
(413, 5, 309.00),
(414, 5, 360.50),
(415, 5, 123.60),
(416, 5, 82.40),
(417, 5, 185.40),
(418, 5, 226.60),
(419, 5, 618.00),
(420, 5, 257.50),
(421, 5, 5150.00),
(422, 5, 8240.00),
(423, 5, 257.50),
(424, 5, 1030.00),
(425, 5, 927.00),
(426, 5, 309.00),
(427, 5, 360.50),
(428, 5, 206.00),
(429, 5, 103.00),
(430, 5, 309.00),
(431, 5, 618.00),
(432, 5, 721.00),
(434, 5, 515.00),
(435, 5, 463.50),
(436, 5, 1854.00),
(437, 5, 824.00),
(444, 5, 515.00),
(447, 5, 927.00),
(448, 5, 1545.00),
(449, 5, 824.00),
(450, 5, 206.00),
(401, 3, 312.00),
(404, 3, 156.00),
(405, 3, 520.00),
(406, 3, 104.00),
(407, 3, 260.00),
(408, 3, 187.20),
(409, 3, 104.00),
(410, 3, 832.00),
(411, 3, 1560.00),
(412, 3, 208.00),
(413, 3, 312.00),
(414, 3, 364.00),
(415, 3, 124.80),
(416, 3, 83.20),
(417, 3, 187.20),
(418, 3, 228.80),
(419, 3, 624.00),
(420, 3, 260.00),
(429, 3, 104.00),
(431, 3, 624.00),
(432, 3, 728.00),
(433, 3, 187.20),
(434, 3, 520.00),
(437, 3, 832.00),
(438, 3, 104.00),
(439, 3, 208.00),
(440, 3, 124.80),
(441, 3, 10.40),
(442, 3, 8.32),
(443, 3, 20.80),
(445, 3, 624.00),
(446, 3, 468.00),
(449, 3, 832.00),
(450, 3, 208.00),
(404, 4, 151.50),
(407, 4, 252.50),
(408, 4, 181.80),
(421, 4, 5050.00),
(422, 4, 8080.00),
(423, 4, 252.50),
(424, 4, 1010.00),
(425, 4, 909.00),
(426, 4, 303.00),
(427, 4, 353.50),
(428, 4, 202.00),
(429, 4, 101.00),
(430, 4, 303.00),
(431, 4, 606.00),
(432, 4, 707.00),
(434, 4, 505.00),
(435, 4, 454.50),
(436, 4, 1818.00),
(437, 4, 808.00),
(438, 4, 101.00),
(439, 4, 202.00),
(440, 4, 121.20),
(433, 2, 183.60),
(438, 2, 102.00),
(439, 2, 204.00),
(441, 2, 10.20),
(442, 2, 8.16),
(443, 2, 20.40),
(445, 2, 612.00),
(446, 2, 459.00),
(450, 2, 204.00),
(451, 1, 10000.00),
(452, 1, 700.00),
(453, 1, 300.00),
(454, 1, 2000.00),
(455, 1, 9000.00),
(456, 1, 1500.00),
(457, 1, 1200.00),
(458, 1, 20000.00),
(459, 1, 150.00),
(460, 1, 2500.00),
(461, 1, 3000.00),
(462, 1, 1800.00),
(463, 1, 800.00),
(464, 1, 500.00),
(465, 1, 1200.00),
(466, 1, 900.00),
(467, 1, 80.00),
(468, 1, 20.00),
(469, 1, 150.00),
(470, 1, 400.00),
(471, 1, 3500.00),
(472, 1, 400.00),
(473, 1, 200.00),
(474, 1, 400.00),
(475, 1, 150.00),
(476, 1, 1500.00),
(477, 1, 800.00),
(478, 1, 220.00),
(479, 1, 180.00),
(480, 1, 100.00),
(481, 1, 1200.00),
(482, 1, 1000.00),
(483, 1, 600.00),
(484, 1, 15.00),
(485, 1, 250.00),
(486, 1, 180.00),
(487, 1, 200.00),
(488, 1, 150.00),
(489, 1, 60.00),
(490, 1, 80.00),
(491, 1, 25.00),
(492, 1, 50.00),
(493, 1, 150.00),
(494, 1, 5.00),
(495, 1, 3.00),
(496, 1, 80.00),
(497, 1, 200.00),
(498, 1, 400.00),
(499, 1, 100.00),
(500, 1, 90.00),
(451, 5, 10300.00),
(452, 5, 721.00),
(453, 5, 309.00),
(454, 5, 2060.00),
(455, 5, 9270.00),
(456, 5, 1545.00),
(457, 5, 1236.00),
(458, 5, 20600.00),
(459, 5, 154.50),
(460, 5, 2575.00),
(461, 5, 3090.00),
(462, 5, 1854.00),
(465, 5, 1236.00),
(466, 5, 927.00),
(469, 5, 154.50),
(471, 5, 3605.00),
(472, 5, 412.00),
(474, 5, 412.00),
(476, 5, 1545.00),
(478, 5, 226.60),
(480, 5, 103.00),
(485, 5, 257.50),
(486, 5, 185.40),
(487, 5, 206.00),
(488, 5, 154.50),
(490, 5, 82.40),
(491, 5, 25.75),
(492, 5, 51.50),
(493, 5, 154.50),
(496, 5, 82.40),
(497, 5, 206.00),
(451, 3, 10400.00),
(452, 3, 728.00),
(454, 3, 2080.00),
(464, 3, 520.00),
(465, 3, 1248.00),
(466, 3, 936.00),
(467, 3, 83.20),
(468, 3, 20.80),
(469, 3, 156.00),
(470, 3, 416.00),
(471, 3, 3640.00),
(472, 3, 416.00),
(473, 3, 208.00),
(474, 3, 416.00),
(475, 3, 156.00),
(476, 3, 1560.00),
(477, 3, 832.00),
(478, 3, 228.80),
(479, 3, 187.20),
(480, 3, 104.00),
(481, 3, 1248.00),
(482, 3, 1040.00),
(483, 3, 624.00),
(484, 3, 15.60),
(485, 3, 260.00),
(489, 3, 62.40),
(490, 3, 83.20),
(494, 3, 5.20),
(495, 3, 3.12),
(499, 3, 104.00),
(500, 3, 93.60),
(452, 4, 707.00),
(454, 4, 2020.00),
(456, 4, 1515.00),
(457, 4, 1212.00),
(458, 4, 20200.00),
(459, 4, 151.50),
(460, 4, 2525.00),
(461, 4, 3030.00),
(462, 4, 1818.00),
(463, 4, 808.00),
(464, 4, 505.00),
(465, 4, 1212.00),
(469, 4, 151.50),
(470, 4, 404.00),
(484, 4, 15.15),
(486, 4, 181.80),
(487, 4, 202.00),
(488, 4, 151.50),
(490, 4, 80.80),
(492, 4, 50.50),
(493, 4, 151.50),
(451, 2, 10200.00),
(464, 2, 510.00),
(467, 2, 81.60),
(468, 2, 20.40),
(481, 2, 1224.00),
(482, 2, 1020.00),
(483, 2, 612.00),
(484, 2, 15.30),
(489, 2, 61.20),
(491, 2, 25.50),
(493, 2, 153.00),
(494, 2, 5.10),
(495, 2, 3.06),
(496, 2, 81.60),
(497, 2, 204.00),
(498, 2, 408.00),
(499, 2, 102.00),
(500, 2, 91.80);